-- phpMyAdmin SQL Dump
-- version 5.0.4
-- https://www.phpmyadmin.net/
--
-- Host: 127.0.0.1
-- Generation Time: Aug 09, 2021 at 03:25 AM
-- Server version: 10.4.17-MariaDB
-- PHP Version: 7.3.25

SET SQL_MODE = "NO_AUTO_VALUE_ON_ZERO";
START TRANSACTION;
SET time_zone = "+00:00";


/*!40101 SET @OLD_CHARACTER_SET_CLIENT=@@CHARACTER_SET_CLIENT */;
/*!40101 SET @OLD_CHARACTER_SET_RESULTS=@@CHARACTER_SET_RESULTS */;
/*!40101 SET @OLD_COLLATION_CONNECTION=@@COLLATION_CONNECTION */;
/*!40101 SET NAMES utf8mb4 */;

--
-- Database: `feedmill`
--

-- --------------------------------------------------------

--
-- Table structure for table `d_dosing`
--

CREATE TABLE `d_dosing` (
  `id` int(11) NOT NULL,
  `sequence` int(11) NOT NULL,
  `id_transaction` varchar(25) DEFAULT NULL,
  `material_kd` int(11) NOT NULL,
  `material_nm` varchar(100) DEFAULT NULL,
  `qty_prosen` decimal(10,2) NOT NULL,
  `qty_material` decimal(11,2) NOT NULL,
  `qty_timbang_mikro` decimal(10,2) NOT NULL DEFAULT 0.00,
  `tgl_timbang_mikro` datetime DEFAULT NULL,
  `qty_timbang_makro` decimal(10,2) NOT NULL DEFAULT 0.00,
  `tgl_timbang_makro` datetime DEFAULT NULL,
  `qty_timbang_proses` decimal(10,2) DEFAULT NULL,
  `tgl_timbang_proses` datetime DEFAULT NULL,
  `dif` decimal(10,2) DEFAULT NULL,
  `active` tinyint(1) NOT NULL DEFAULT 1,
  `created_date` datetime NOT NULL DEFAULT current_timestamp(),
  `updated_date` datetime NOT NULL DEFAULT current_timestamp() ON UPDATE current_timestamp()
) ENGINE=InnoDB DEFAULT CHARSET=utf8mb4;

--
-- Dumping data for table `d_dosing`
--

INSERT INTO `d_dosing` (`id`, `sequence`, `id_transaction`, `material_kd`, `material_nm`, `qty_prosen`, `qty_material`, `qty_timbang_mikro`, `tgl_timbang_mikro`, `qty_timbang_makro`, `tgl_timbang_makro`, `qty_timbang_proses`, `tgl_timbang_proses`, `dif`, `active`, `created_date`, `updated_date`) VALUES
(14, 1, '2021080401PMX001', 22000330, '[22000330] NUTRIMIX DMC-BRO', '6.00', '48.00', '23.00', '2021-08-04 11:33:24', '25.00', '2021-08-04 14:45:19', '48.00', '2021-08-05 10:35:31', '0.00', 1, '2021-08-04 11:12:22', '2021-08-05 10:35:31'),
(15, 2, '2021080401PMX001', 22000331, '[22000331] BETACELL MINERAL DMC-BRO', '10.00', '80.00', '5.00', '2021-08-04 11:34:05', '75.00', '2021-08-04 14:49:22', '80.00', '2021-08-05 10:35:31', '0.00', 1, '2021-08-04 11:12:22', '2021-08-05 10:35:31'),
(16, 3, '2021080401PMX001', 22000399, '[22000399] PHYTASE GRANULAR', '2.30', '18.40', '18.40', '2021-08-04 11:39:15', '0.00', NULL, '18.40', '2021-08-05 10:35:31', '0.00', 1, '2021-08-04 11:12:22', '2021-08-05 10:35:31'),
(17, 4, '2021080401PMX001', 22000292, '[22000292] BM OX', '3.00', '24.00', '24.00', '2021-08-04 13:31:10', '0.00', NULL, '24.00', '2021-08-05 10:35:31', '0.00', 1, '2021-08-04 11:12:22', '2021-08-05 10:35:31'),
(18, 5, '2021080401PMX001', 22000406, '[22000406] AXTRA XAP 101 TPT', '2.00', '16.00', '16.00', '2021-08-04 13:43:54', '0.00', NULL, '16.00', '2021-08-05 10:35:31', '0.00', 1, '2021-08-04 11:12:22', '2021-08-05 10:35:31'),
(19, 6, '2021080401PMX001', 21000007, '[21000007] LIMESTONE POWDER', '14.00', '112.00', '12.00', '2021-08-04 13:46:08', '100.00', '2021-08-04 15:09:08', '112.00', '2021-08-05 10:35:31', '0.00', 1, '2021-08-04 11:12:22', '2021-08-05 10:35:31'),
(20, 7, '2021080401PMX001', 21000017, '[21000017] WHEAT POLLARD', '8.80', '70.40', '20.40', '2021-08-04 14:04:21', '50.00', NULL, '70.40', '2021-08-05 10:35:31', '0.00', 1, '2021-08-04 11:12:22', '2021-08-05 10:35:31'),
(21, 8, '2021080401PMX001', 22000009, '[22000009] BMD . 100', '13.00', '104.00', '4.00', '2021-08-04 14:05:45', '100.00', NULL, '104.00', '2021-08-05 10:35:31', '0.00', 1, '2021-08-04 11:12:22', '2021-08-05 10:35:31'),
(22, 9, '2021080401PMX001', 22000384, '[22000384] ZAMSTAT 120', '14.00', '112.00', '12.00', '2021-08-04 14:07:24', '100.00', NULL, '112.00', '2021-08-05 10:35:31', '0.00', 1, '2021-08-04 11:12:22', '2021-08-05 10:35:31'),
(23, 10, '2021080401PMX001', 22000355, '[22000355] NUTRIBUILDER', '12.00', '96.00', '21.00', '2021-08-04 14:09:55', '75.00', NULL, '96.00', '2021-08-05 10:35:31', '0.00', 1, '2021-08-04 11:12:22', '2021-08-05 10:35:31'),
(24, 11, '2021080401PMX001', 22000015, '[22000015] COPPER SULFAT', '10.00', '80.00', '5.00', '2021-08-04 14:10:47', '75.00', NULL, '80.00', '2021-08-05 10:35:31', '0.00', 1, '2021-08-04 11:12:22', '2021-08-05 10:35:31'),
(25, 12, '2021080401PMX001', 22000393, '[22000393] CONCENTRASE P', '2.50', '20.00', '20.00', '2021-08-04 14:13:07', '0.00', NULL, '20.00', '2021-08-05 10:35:31', '0.00', 1, '2021-08-04 11:12:22', '2021-08-05 10:35:31'),
(26, 13, '2021080401PMX001', 22000072, '[22000072] XANTHOFIL 2%', '2.40', '19.20', '19.20', '2021-08-04 14:13:38', '0.00', NULL, '19.20', '2021-08-05 10:35:31', '0.00', 1, '2021-08-04 11:12:22', '2021-08-05 10:35:31'),
(27, 1, '2021080501PMX002', 22000035, '[22000035] MIXTOVIT BREEDER', '16.00', '128.00', '25.00', '2021-08-05 15:12:37', '0.00', NULL, NULL, NULL, NULL, 1, '2021-08-05 14:24:31', '2021-08-05 15:12:37'),
(28, 2, '2021080501PMX002', 22000036, '[22000036] MIXTOVIT MIN BREEDER PLUS OPTIMIN', '20.00', '160.00', '0.00', NULL, '0.00', NULL, NULL, NULL, NULL, 1, '2021-08-05 14:24:31', '2021-08-05 14:24:31'),
(29, 3, '2021080501PMX002', 22000010, '[22000010] BSG 510', '3.00', '24.00', '0.00', NULL, '0.00', NULL, NULL, NULL, NULL, 1, '2021-08-05 14:24:31', '2021-08-05 14:24:31'),
(30, 4, '2021080501PMX002', 22000073, '[22000073] X P C', '20.00', '160.00', '0.00', NULL, '0.00', NULL, NULL, NULL, NULL, 1, '2021-08-05 14:24:31', '2021-08-05 14:24:31'),
(31, 5, '2021080501PMX002', 22000344, '[22000344] ANILOX P-10', '3.00', '24.00', '0.00', NULL, '0.00', NULL, NULL, NULL, NULL, 1, '2021-08-05 14:24:31', '2021-08-05 14:24:31'),
(32, 6, '2021080501PMX002', 21000007, '[21000007] LIMESTONE POWDER', '4.00', '32.00', '0.00', NULL, '0.00', NULL, NULL, NULL, NULL, 1, '2021-08-05 14:24:31', '2021-08-05 14:24:31'),
(33, 7, '2021080501PMX002', 21000017, '[21000017] WHEAT POLLARD', '13.50', '108.00', '0.00', NULL, '0.00', NULL, NULL, NULL, NULL, 1, '2021-08-05 14:24:31', '2021-08-05 14:24:31'),
(34, 8, '2021080501PMX002', 22000064, '[22000064] TBCC', '5.00', '40.00', '0.00', NULL, '0.00', NULL, NULL, NULL, NULL, 1, '2021-08-05 14:24:31', '2021-08-05 14:24:31'),
(35, 9, '2021080501PMX002', 22000406, '[22000406] AXTRA XAP 101 TPT', '1.50', '12.00', '0.00', NULL, '0.00', NULL, NULL, NULL, NULL, 1, '2021-08-05 14:24:31', '2021-08-05 14:24:31'),
(36, 10, '2021080501PMX002', 22000358, '[22000358] \r\nGUSTOR N', '6.00', '48.00', '0.00', NULL, '0.00', NULL, NULL, NULL, NULL, 1, '2021-08-05 14:24:31', '2021-08-05 14:24:31'),
(37, 11, '2021080501PMX002', 22000276, '[22000276] MICROPLEX', '4.00', '32.00', '0.00', NULL, '0.00', NULL, NULL, NULL, NULL, 1, '2021-08-05 14:24:31', '2021-08-05 14:24:31'),
(38, 12, '2021080501PMX002', 22000375, '[22000375] ANTA MIN PLUS ZN', '2.00', '16.00', '0.00', NULL, '0.00', NULL, NULL, NULL, NULL, 1, '2021-08-05 14:24:31', '2021-08-05 14:24:31'),
(39, 13, '2021080501PMX002', 22000376, '[22000376] ANTA MIN PLUS MN', '2.00', '16.00', '0.00', NULL, '0.00', NULL, NULL, NULL, NULL, 1, '2021-08-05 14:24:31', '2021-08-05 14:24:31');

-- --------------------------------------------------------

--
-- Table structure for table `d_material_qrcode`
--

CREATE TABLE `d_material_qrcode` (
  `id` int(11) NOT NULL,
  `id_qrcode` int(11) NOT NULL,
  `id_material` int(11) NOT NULL,
  `sts_use` int(11) NOT NULL,
  `active` tinyint(1) NOT NULL,
  `created_date` datetime NOT NULL DEFAULT current_timestamp(),
  `updated_date` datetime NOT NULL DEFAULT current_timestamp() ON UPDATE current_timestamp()
) ENGINE=InnoDB DEFAULT CHARSET=utf8mb4;

-- --------------------------------------------------------

--
-- Table structure for table `d_menu_groups`
--

CREATE TABLE `d_menu_groups` (
  `id` int(11) NOT NULL,
  `id_group` mediumint(8) NOT NULL,
  `id_menu` int(11) NOT NULL,
  `created_date` datetime NOT NULL DEFAULT current_timestamp(),
  `updated_date` datetime NOT NULL DEFAULT current_timestamp() ON UPDATE current_timestamp()
) ENGINE=InnoDB DEFAULT CHARSET=utf8mb4;

--
-- Dumping data for table `d_menu_groups`
--

INSERT INTO `d_menu_groups` (`id`, `id_group`, `id_menu`, `created_date`, `updated_date`) VALUES
(1, 1, 1, '2021-04-28 10:33:35', '2021-04-28 10:33:35'),
(2, 1, 2, '2021-04-28 10:54:23', '2021-04-28 13:11:09'),
(3, 1, 3, '2021-04-28 10:54:29', '2021-04-28 13:11:12'),
(4, 1, 4, '2021-04-28 10:54:34', '2021-04-28 13:11:13'),
(5, 1, 5, '2021-04-28 13:11:50', '2021-04-28 13:11:50'),
(6, 1, 6, '2021-04-28 13:11:50', '2021-04-28 13:11:50'),
(7, 1, 7, '2021-04-28 13:11:50', '2021-04-28 13:11:50'),
(8, 1, 8, '2021-04-28 13:11:50', '2021-04-28 13:11:50'),
(9, 1, 9, '2021-04-28 13:11:50', '2021-04-28 13:11:50'),
(10, 1, 10, '2021-04-28 13:11:50', '2021-04-28 13:11:50'),
(11, 1, 11, '2021-04-28 13:51:05', '2021-04-28 13:51:05'),
(12, 1, 12, '2021-04-28 13:51:05', '2021-04-28 13:51:05'),
(13, 1, 13, '2021-04-28 13:51:05', '2021-04-28 13:51:05'),
(14, 1, 14, '2021-04-28 13:51:05', '2021-04-28 13:51:05'),
(15, 1, 15, '2021-04-28 13:51:05', '2021-04-28 13:51:05'),
(16, 1, 16, '2021-04-28 13:51:05', '2021-04-28 13:51:05'),
(17, 1, 17, '2021-04-28 13:51:05', '2021-04-28 13:51:05'),
(18, 1, 18, '2021-04-28 13:51:05', '2021-04-28 13:51:05'),
(19, 1, 19, '2021-04-28 13:51:05', '2021-04-28 13:51:05'),
(20, 1, 20, '2021-04-28 13:51:05', '2021-04-28 13:51:05'),
(21, 1, 21, '2021-04-28 13:51:05', '2021-04-28 13:51:05'),
(22, 1, 22, '2021-04-28 13:51:05', '2021-04-28 13:51:05'),
(23, 1, 23, '2021-04-28 13:51:05', '2021-04-28 13:51:05'),
(24, 1, 24, '2021-04-28 13:51:05', '2021-04-28 13:51:05'),
(25, 1, 25, '2021-05-10 09:51:46', '2021-05-10 09:51:46'),
(26, 1, 26, '2021-05-10 09:51:46', '2021-05-10 09:51:46'),
(27, 1, 27, '2021-05-10 09:51:46', '2021-05-10 09:51:46');

-- --------------------------------------------------------

--
-- Table structure for table `d_original_pack`
--

CREATE TABLE `d_original_pack` (
  `id` int(11) NOT NULL,
  `material` varchar(25) NOT NULL,
  `original_pack` decimal(10,2) NOT NULL,
  `active` tinyint(4) NOT NULL,
  `created_date` datetime NOT NULL DEFAULT current_timestamp(),
  `updated_date` datetime NOT NULL DEFAULT current_timestamp() ON UPDATE current_timestamp()
) ENGINE=InnoDB DEFAULT CHARSET=utf8mb4;

--
-- Dumping data for table `d_original_pack`
--

INSERT INTO `d_original_pack` (`id`, `material`, `original_pack`, `active`, `created_date`, `updated_date`) VALUES
(1, '00000000', '25.00', 1, '2021-07-08 15:25:41', '2021-07-21 10:58:16'),
(4, '22000070', '25.00', 0, '2021-07-08 15:59:54', '2021-07-12 09:03:06'),
(5, '22000070', '25.00', 0, '2021-07-12 09:03:06', '2021-07-16 16:04:25'),
(6, '22000292', '25.00', 1, '2021-07-12 16:56:54', '2021-07-12 16:56:54'),
(7, '22000330', '25.00', 0, '2021-07-15 10:59:19', '2021-07-15 11:28:32'),
(8, '22000330', '25.00', 0, '2021-07-15 11:28:32', '2021-07-16 11:02:55'),
(9, '22000029', '25.00', 1, '2021-07-16 09:19:59', '2021-07-16 09:19:59'),
(10, '22000330', '25.00', 0, '2021-07-16 11:02:55', '2021-07-22 23:38:56'),
(11, '22000035', '25.00', 0, '2021-07-16 13:58:59', '2021-08-05 15:00:10'),
(12, '22000070', '25.00', 0, '2021-07-16 16:04:25', '2021-07-20 14:42:31'),
(13, '22000070', '25.00', 0, '2021-07-20 14:42:31', '2021-07-20 14:46:53'),
(14, '22000070', '25.00', 1, '2021-07-20 14:46:53', '2021-07-20 14:46:53'),
(15, '22000034', '25.00', 1, '2021-07-20 19:36:41', '2021-07-20 19:36:41'),
(16, '22000399', '25.00', 1, '2021-07-20 19:36:52', '2021-07-20 19:36:52'),
(17, '22000344', '25.00', 1, '2021-07-20 19:37:09', '2021-07-20 19:37:09'),
(18, '22000406', '25.00', 1, '2021-07-20 19:37:21', '2021-07-20 19:37:21'),
(19, '21000007', '25.00', 1, '2021-07-20 19:37:35', '2021-07-20 19:37:35'),
(20, '21000017', '25.00', 1, '2021-07-20 19:37:44', '2021-07-20 19:37:44'),
(21, '22000324', '25.00', 1, '2021-07-20 19:37:59', '2021-07-20 19:37:59'),
(22, '22000355', '25.00', 1, '2021-07-20 19:38:15', '2021-07-20 19:38:15'),
(23, '22000313', '25.00', 1, '2021-07-20 19:40:22', '2021-07-20 19:40:22'),
(24, '22000015', '25.00', 1, '2021-07-20 19:40:34', '2021-07-20 19:40:34'),
(25, '22000033', '25.00', 1, '2021-07-20 20:08:18', '2021-07-20 20:08:18'),
(26, '22000072', '25.00', 1, '2021-07-22 18:41:10', '2021-07-22 18:41:10'),
(27, '22000330', '25.00', 1, '2021-07-22 23:38:56', '2021-07-22 23:38:56'),
(28, '22000331', '25.00', 1, '2021-07-23 09:34:34', '2021-07-23 09:34:34'),
(29, '22000009', '25.00', 1, '2021-07-23 09:54:02', '2021-07-23 09:54:02'),
(30, '22000384', '25.00', 1, '2021-07-23 09:57:01', '2021-07-23 09:57:01'),
(31, '22000393', '25.00', 1, '2021-08-04 14:12:01', '2021-08-04 14:12:01'),
(32, '22000035', '25.00', 1, '2021-08-05 15:00:10', '2021-08-05 15:00:10'),
(33, '22000036', '25.00', 1, '2021-08-05 15:14:08', '2021-08-05 15:14:08');

-- --------------------------------------------------------

--
-- Table structure for table `groups`
--

CREATE TABLE `groups` (
  `id` mediumint(8) UNSIGNED NOT NULL,
  `name` varchar(20) NOT NULL,
  `description` varchar(100) NOT NULL
) ENGINE=InnoDB DEFAULT CHARSET=utf8;

--
-- Dumping data for table `groups`
--

INSERT INTO `groups` (`id`, `name`, `description`) VALUES
(1, 'admin', 'Administrator'),
(2, 'members', 'General User');

-- --------------------------------------------------------

--
-- Table structure for table `login_attempts`
--

CREATE TABLE `login_attempts` (
  `id` int(11) UNSIGNED NOT NULL,
  `ip_address` varchar(15) NOT NULL,
  `login` varchar(100) NOT NULL,
  `time` int(11) UNSIGNED DEFAULT NULL
) ENGINE=InnoDB DEFAULT CHARSET=utf8;

-- --------------------------------------------------------

--
-- Table structure for table `m_bin`
--

CREATE TABLE `m_bin` (
  `id` int(11) NOT NULL,
  `bin_no` int(11) NOT NULL,
  `bin_code` varchar(100) NOT NULL,
  `bin_material` int(11) DEFAULT NULL,
  `material` int(15) DEFAULT NULL,
  `material_nm` varchar(25) DEFAULT NULL,
  `qty` decimal(10,2) NOT NULL DEFAULT 0.00,
  `active` tinyint(1) NOT NULL DEFAULT 1,
  `slave` int(11) NOT NULL,
  `relay` int(11) NOT NULL,
  `bin_open` double NOT NULL,
  `created_date` datetime DEFAULT current_timestamp(),
  `updated_date` datetime NOT NULL DEFAULT current_timestamp() ON UPDATE current_timestamp()
) ENGINE=InnoDB DEFAULT CHARSET=utf8mb4;

--
-- Dumping data for table `m_bin`
--

INSERT INTO `m_bin` (`id`, `bin_no`, `bin_code`, `bin_material`, `material`, `material_nm`, `qty`, `active`, `slave`, `relay`, `bin_open`, `created_date`, `updated_date`) VALUES
(6, 1, '20210712BIN54905', 12, 22000070, 'VITAMIN LAYER', '10000.00', 1, 1, 0, 0, '2021-07-12 14:11:52', '2021-08-06 16:37:07'),
(7, 2, '20210712BIN82418', 13, 22000292, 'BM OX', '10000.00', 1, 2, 0, 0, '2021-07-12 16:57:06', '2021-08-06 16:37:09'),
(8, 3, '20210716BIN80441', 15, 22000029, 'LYSINE SULFATE 70%', '10000.00', 1, 0, 0, 0, '2021-07-16 09:28:47', '2021-08-04 09:56:25'),
(10, 5, '20210720BIN78009', 16, 22000035, 'MIXTOVIT BREEDER', '9975.00', 1, 0, 0, 0, '2021-07-20 14:59:26', '2021-08-05 15:12:37'),
(11, 6, '20210720BIN76286', 26, 22000015, 'COPPER SULFAT', '10000.00', 1, 0, 0, 0, '2021-07-20 19:45:45', '2021-08-05 10:18:59'),
(12, 7, '20210720BIN80824', 19, 22000344, 'ANILOX P-10', '10000.00', 1, 0, 0, 0, '2021-07-20 19:46:16', '2021-08-04 09:56:31'),
(13, 8, '20210720BIN52382', 20, 22000406, 'AXTRA XAP 101 TPT', '10000.00', 1, 0, 0, 0, '2021-07-20 19:46:26', '2021-08-05 10:18:59'),
(14, 9, '20210720BIN93685', 25, 22000313, 'L-VALINE', '10000.00', 1, 0, 0, 0, '2021-07-20 19:46:41', '2021-08-04 09:56:34'),
(15, 10, '20210720BIN76928', 21, 21000007, 'LIMESTONE POWDER', '10000.00', 1, 0, 0, 0, '2021-07-20 19:47:57', '2021-08-05 10:18:59'),
(16, 11, '20210720BIN31384', 17, 22000034, 'MIXTOVIT BROILER', '10000.00', 1, 0, 0, 0, '2021-07-20 19:48:13', '2021-08-04 09:56:39'),
(17, 12, '20210720BIN18533', 23, 22000324, 'MONTEBAN 100', '10000.00', 1, 0, 0, 0, '2021-07-20 19:48:33', '2021-08-04 09:56:42'),
(18, 13, '20210720BIN99122', 24, 22000355, 'NUTRIBUILDER', '10000.00', 1, 0, 0, 0, '2021-07-20 19:48:53', '2021-08-05 10:18:59'),
(20, 14, '20210720BIN47513', 18, 22000399, 'PHYTASE GRANULAR', '10000.00', 1, 0, 0, 0, '2021-07-20 19:55:36', '2021-08-05 10:18:59'),
(21, 15, '20210720BIN45802', 22, 21000017, 'WHEAT POLLARD', '10000.00', 1, 0, 0, 0, '2021-07-20 19:56:00', '2021-08-05 10:18:59'),
(22, 16, '20210720BIN42056', 27, 22000033, 'MIXTOVIT MIN MIX BROILER', '10000.00', 1, 0, 0, 0, '2021-07-20 20:08:46', '2021-08-04 09:56:50'),
(23, 18, '20210722BIN68066', 28, 22000072, 'XANTHOFIL 2%', '10000.00', 1, 0, 0, 0, '2021-07-22 21:10:53', '2021-08-05 10:18:59'),
(24, 17, '20210723BIN39985', 14, 22000330, 'NUTRIMIX DMC-BRO', '10000.00', 1, 0, 0, 0, '2021-07-23 09:29:46', '2021-08-05 10:18:59'),
(25, 19, '20210723BIN22059', 29, 22000331, 'BETACELL MINERAL DMC-BRO', '10000.00', 1, 0, 0, 0, '2021-07-23 09:35:02', '2021-08-05 10:18:59'),
(26, 20, '20210723BIN64293', 30, 22000009, 'BMD . 100', '10000.00', 1, 0, 0, 0, '2021-07-23 09:54:17', '2021-08-05 10:18:59'),
(27, 21, '20210723BIN50539', 31, 22000384, 'ZAMSTAT 120', '10000.00', 1, 0, 0, 0, '2021-07-23 09:57:16', '2021-08-05 10:18:59'),
(28, 4, '20210804BIN17952', 32, 22000393, 'CONCENTRASE P', '10000.00', 1, 0, 0, 0, '2021-08-04 14:12:33', '2021-08-05 15:55:37');

-- --------------------------------------------------------

--
-- Table structure for table `m_formula`
--

CREATE TABLE `m_formula` (
  `id` int(11) NOT NULL,
  `formula_no` varchar(15) NOT NULL,
  `formula_kode` int(20) NOT NULL,
  `formula_name` varchar(50) NOT NULL,
  `active` tinyint(1) NOT NULL DEFAULT 1,
  `created_date` datetime NOT NULL DEFAULT current_timestamp(),
  `updated_date` datetime NOT NULL DEFAULT current_timestamp() ON UPDATE current_timestamp()
) ENGINE=InnoDB DEFAULT CHARSET=utf8mb4;

--
-- Dumping data for table `m_formula`
--

INSERT INTO `m_formula` (`id`, `formula_no`, `formula_kode`, `formula_name`, `active`, `created_date`, `updated_date`) VALUES
(1, '140421', 22200320, 'PMX MASH 1404/21', 1, '2021-04-29 15:14:35', '2021-04-29 15:14:35'),
(2, '2004/21', 22200323, 'PMX S2 2004/21', 1, '2021-04-30 08:37:42', '2021-04-30 08:37:42');

-- --------------------------------------------------------

--
-- Table structure for table `m_material`
--

CREATE TABLE `m_material` (
  `id` int(11) NOT NULL,
  `material_kode` int(11) NOT NULL,
  `material_nm` varchar(100) NOT NULL,
  `qty` decimal(10,2) NOT NULL DEFAULT 0.00,
  `bag_pack` decimal(10,2) NOT NULL DEFAULT 0.00,
  `unit` varchar(5) NOT NULL,
  `active` tinyint(1) NOT NULL DEFAULT 1,
  `created_date` datetime NOT NULL DEFAULT current_timestamp(),
  `updated_date` datetime NOT NULL DEFAULT current_timestamp() ON UPDATE current_timestamp()
) ENGINE=InnoDB DEFAULT CHARSET=utf8mb4;

--
-- Dumping data for table `m_material`
--

INSERT INTO `m_material` (`id`, `material_kode`, `material_nm`, `qty`, `bag_pack`, `unit`, `active`, `created_date`, `updated_date`) VALUES
(12, 22000070, 'VITAMIN LAYER', '10000.00', '0.00', 'KG', 1, '2021-07-12 09:03:06', '2021-08-05 10:18:28'),
(13, 22000292, 'BM OX', '9976.00', '0.00', 'KG', 1, '2021-07-12 16:56:53', '2021-08-05 10:35:31'),
(14, 22000330, 'NUTRIMIX DMC-BRO', '9952.00', '0.00', 'KG', 1, '2021-07-15 10:51:24', '2021-08-05 10:35:31'),
(15, 22000029, 'LYSINE SULFATE 70%', '10000.00', '0.00', 'KG', 1, '2021-07-16 09:19:58', '2021-08-05 10:18:39'),
(16, 22000035, 'MIXTOVIT BREEDER', '10000.00', '0.00', 'KG', 1, '2021-07-16 13:58:59', '2021-08-05 10:18:39'),
(17, 22000034, 'MIXTOVIT BROILER', '10000.00', '0.00', 'KG', 1, '2021-07-20 19:36:41', '2021-08-05 10:18:39'),
(18, 22000399, 'PHYTASE GRANULAR', '9981.60', '0.00', 'KG', 1, '2021-07-20 19:36:52', '2021-08-05 10:35:31'),
(19, 22000344, 'ANILOX P-10', '10000.00', '0.00', 'KG', 0, '2021-07-20 19:37:09', '2021-08-05 10:18:39'),
(20, 22000406, 'AXTRA XAP 101 TPT', '9984.00', '0.00', 'KG', 1, '2021-07-20 19:37:19', '2021-08-05 10:35:31'),
(21, 21000007, 'LIMESTONE POWDER', '9888.00', '0.00', 'KG', 1, '2021-07-20 19:37:35', '2021-08-05 10:35:31'),
(22, 21000017, 'WHEAT POLLARD', '9929.60', '0.00', 'KG', 1, '2021-07-20 19:37:44', '2021-08-05 10:35:31'),
(23, 22000324, 'MONTEBAN 100', '10000.00', '0.00', 'KG', 1, '2021-07-20 19:37:59', '2021-08-05 10:18:39'),
(24, 22000355, 'NUTRIBUILDER', '9904.00', '0.00', 'KG', 1, '2021-07-20 19:38:15', '2021-08-05 10:35:31'),
(25, 22000313, 'L-VALINE', '10000.00', '0.00', 'KG', 1, '2021-07-20 19:40:22', '2021-08-05 10:18:39'),
(26, 22000015, 'COPPER SULFAT', '9920.00', '0.00', 'KG', 1, '2021-07-20 19:40:31', '2021-08-05 10:35:31'),
(27, 22000033, 'MIXTOVIT MIN MIX BROILER', '10000.00', '0.00', 'KG', 1, '2021-07-20 20:08:18', '2021-08-05 10:18:39'),
(28, 22000072, 'XANTHOFIL 2%', '9980.80', '0.00', 'KG', 1, '2021-07-22 18:41:10', '2021-08-05 10:35:31'),
(29, 22000331, 'BETACELL MINERAL DMC-BRO', '9920.00', '0.00', 'KG', 1, '2021-07-23 09:34:34', '2021-08-05 10:35:31'),
(30, 22000009, 'BMD . 100', '9896.00', '0.00', 'KG', 1, '2021-07-23 09:54:02', '2021-08-05 10:35:31'),
(31, 22000384, 'ZAMSTAT 120', '9888.00', '0.00', 'KG', 1, '2021-07-23 09:57:01', '2021-08-05 10:35:31'),
(32, 22000393, 'CONCENTRASE P', '9980.00', '0.00', 'KG', 1, '2021-08-04 14:12:01', '2021-08-05 10:35:31'),
(35, 22000036, 'MIXTOVIT MIN BREEDER PLUS OPTIMIN', '0.00', '0.00', 'KG', 1, '2021-08-05 15:14:08', '2021-08-05 15:14:08');

-- --------------------------------------------------------

--
-- Table structure for table `m_menus`
--

CREATE TABLE `m_menus` (
  `menu_id` int(11) NOT NULL,
  `menu_nm` varchar(50) NOT NULL,
  `icon` varchar(20) NOT NULL,
  `url` varchar(50) DEFAULT NULL,
  `orders` int(11) NOT NULL,
  `parent_id` int(11) DEFAULT NULL,
  `child_id` int(11) DEFAULT NULL,
  `active` int(11) NOT NULL,
  `keterangan` varchar(255) NOT NULL,
  `created_date` datetime NOT NULL DEFAULT current_timestamp(),
  `updated_date` datetime NOT NULL DEFAULT current_timestamp()
) ENGINE=InnoDB DEFAULT CHARSET=utf8mb4;

--
-- Dumping data for table `m_menus`
--

INSERT INTO `m_menus` (`menu_id`, `menu_nm`, `icon`, `url`, `orders`, `parent_id`, `child_id`, `active`, `keterangan`, `created_date`, `updated_date`) VALUES
(1, 'Dashboard', 'fa-tachometer-alt', 'dashboard', 1, NULL, NULL, 1, '', '2021-04-28 10:32:42', '2021-04-28 10:43:17'),
(2, 'Warehouse', 'fa-warehouse', NULL, 2, NULL, NULL, 1, '', '2021-04-28 10:36:12', '2021-04-28 10:43:20'),
(3, 'Receive', 'fa-circle', 'warehouse_receive', 3, 2, NULL, 1, '', '2021-04-28 10:42:57', '2021-04-28 10:43:24'),
(4, 'Stok', 'fa-circle', 'warehouse_stok', 4, 2, NULL, 1, '', '2021-04-28 10:44:27', '2021-04-28 10:44:27'),
(5, 'Pemakaian', 'fa-circle', 'warehouse_pemakaian', 5, 2, NULL, 1, '', '2021-04-28 12:43:09', '2021-04-28 12:43:09'),
(6, 'Premix', 'fa-mortar-pestle', NULL, 6, NULL, NULL, 1, '', '2021-04-28 12:46:24', '2021-04-28 12:46:24'),
(7, 'Rencana Produksi', 'fa-circle', 'premix_rencana_produksi', 7, 6, NULL, 1, '', '2021-04-28 12:47:37', '2021-04-28 12:47:37'),
(8, 'Intake Premix', 'fa-circle', 'premix_intake', 8, 6, NULL, 1, '', '2021-04-28 12:48:56', '2021-04-28 12:48:56'),
(9, 'Dosing', 'fa-circle', NULL, 9, 6, NULL, 1, '', '2021-04-28 12:49:36', '2021-04-28 12:49:36'),
(10, 'Mikro', 'fa-dot-circle', 'premix_mikro', 10, 6, 9, 1, '', '2021-04-28 13:02:22', '2021-04-28 13:02:22'),
(11, 'Makro', 'fa-dot-circle', 'premix_makro', 11, 6, 9, 1, '', '2021-04-28 13:31:37', '2021-04-28 13:31:37'),
(12, 'Packing', 'fa-circle', 'premix_packing', 12, 6, NULL, 1, '', '2021-04-28 13:32:57', '2021-04-28 13:32:57'),
(13, 'Produksi', 'fa-spinner', NULL, 13, NULL, NULL, 1, '', '2021-04-28 13:38:45', '2021-04-28 13:38:45'),
(14, 'Rencana Produksi', 'fa-circle', 'produksi_rencana_produksi', 14, 13, NULL, 1, '', '2021-04-28 13:39:46', '2021-04-28 13:39:46'),
(15, 'Intake', 'fa-circle', 'produksi_intake', 15, 13, NULL, 1, '', '2021-04-28 13:40:20', '2021-04-28 13:40:20'),
(16, 'Dosing', 'fa-circle', 'produksi_dosing', 16, 13, NULL, 1, '', '2021-04-28 13:40:49', '2021-04-28 13:40:49'),
(17, 'Palet', 'fa-circle', 'produksi_palet', 17, 13, NULL, 1, '', '2021-04-28 13:41:23', '2021-04-28 13:41:23'),
(18, 'Bagging', 'fa-circle', 'produksi_bagging', 18, 13, NULL, 1, '', '2021-04-28 13:42:11', '2021-04-28 13:42:11'),
(19, 'Wharehouse Shipment', 'fa-truck', NULL, 19, NULL, NULL, 1, '', '2021-04-28 13:45:07', '2021-04-28 13:45:07'),
(20, 'Opname', 'fa-circle', 'ws_opname', 20, 19, NULL, 1, '', '2021-04-28 13:45:57', '2021-04-28 13:45:57'),
(21, 'Stok', 'fa-circle', 'ws_stok', 21, 19, NULL, 1, '', '2021-04-28 13:46:52', '2021-04-28 13:46:52'),
(22, 'Shipment', 'fa-circle', 'ws_shipment', 22, 19, NULL, 1, '', '2021-04-28 13:47:21', '2021-04-28 13:47:21'),
(23, 'QA', 'fa-microscope', 'quality_assurance', 23, NULL, NULL, 1, '', '2021-04-28 13:50:03', '2021-04-28 13:50:03'),
(24, 'Nutritionist', 'fa-tablets', 'nutritionist', 23, NULL, NULL, 1, '', '2021-04-28 13:50:03', '2021-04-28 13:50:03'),
(25, 'Data Master', 'fa-circle', NULL, 13, 6, NULL, 1, '', '2021-05-10 09:48:00', '2021-05-10 09:48:00'),
(26, 'Data Material', 'fa-dot-circle', 'data_material', 14, 6, 25, 1, '', '2021-05-10 09:50:54', '2021-05-10 09:50:54'),
(27, 'Data Bin', 'fa-dot-circle', 'data_bin', 15, 6, 25, 1, '', '2021-05-10 09:50:54', '2021-05-10 09:50:54');

-- --------------------------------------------------------

--
-- Table structure for table `m_qrcodes`
--

CREATE TABLE `m_qrcodes` (
  `id` int(11) NOT NULL,
  `codes` varchar(100) NOT NULL,
  `material` varchar(25) DEFAULT NULL,
  `material_name` varchar(25) DEFAULT NULL,
  `urutan_material` int(11) DEFAULT NULL,
  `unit` varchar(10) DEFAULT NULL,
  `tanggal` date DEFAULT NULL,
  `urutan` int(11) DEFAULT NULL,
  `keterangan` varchar(250) NOT NULL,
  `sts_digunakan` double NOT NULL DEFAULT 0,
  `tgl_digunakan` datetime DEFAULT NULL,
  `active` tinyint(1) DEFAULT 1,
  `created_date` datetime NOT NULL DEFAULT current_timestamp(),
  `updated_date` datetime NOT NULL DEFAULT current_timestamp() ON UPDATE current_timestamp()
) ENGINE=InnoDB DEFAULT CHARSET=utf8mb4;

--
-- Dumping data for table `m_qrcodes`
--

INSERT INTO `m_qrcodes` (`id`, `codes`, `material`, `material_name`, `urutan_material`, `unit`, `tanggal`, `urutan`, `keterangan`, `sts_digunakan`, `tgl_digunakan`, `active`, `created_date`, `updated_date`) VALUES
(89, '20210720MAT0101', '22000070', 'VITAMIN LAYER', 1, 'KG', '2021-07-20', 1, '', 1, '2021-07-20 17:35:45', 0, '2021-07-20 14:46:53', '2021-08-06 13:52:25'),
(90, '20210720MAT0102', '22000070', 'VITAMIN LAYER', 1, 'KG', '2021-07-20', 2, '', 1, '2021-07-20 19:31:29', 0, '2021-07-20 14:46:53', '2021-08-06 13:52:25'),
(91, '20210720MAT0103', '22000070', 'VITAMIN LAYER', 1, 'KG', '2021-07-20', 3, '', 1, '2021-07-20 19:33:13', 0, '2021-07-20 14:46:53', '2021-08-06 13:52:25'),
(92, '20210720MAT0104', '22000070', 'VITAMIN LAYER', 1, 'KG', '2021-07-20', 4, '', 1, '2021-07-20 19:34:03', 0, '2021-07-20 14:46:53', '2021-08-06 13:52:25'),
(93, '20210720MAT0105', '22000070', 'VITAMIN LAYER', 1, 'KG', '2021-07-20', 5, '', 0, '2021-07-20 17:32:59', 0, '2021-07-20 14:46:53', '2021-08-06 13:52:25'),
(94, '20210720MAT0201', '22000034', 'MIXTOVIT BROILER', 2, 'KG', '2021-07-20', 1, '', 1, '2021-07-20 20:11:45', 1, '2021-07-20 19:36:41', '2021-07-20 20:11:45'),
(95, '20210720MAT0202', '22000034', 'MIXTOVIT BROILER', 2, 'KG', '2021-07-20', 2, '', 1, '2021-07-20 20:12:08', 1, '2021-07-20 19:36:41', '2021-07-20 20:12:08'),
(96, '20210720MAT0203', '22000034', 'MIXTOVIT BROILER', 2, 'KG', '2021-07-20', 3, '', 1, '2021-07-20 20:14:09', 1, '2021-07-20 19:36:41', '2021-07-20 20:14:09'),
(97, '20210720MAT0204', '22000034', 'MIXTOVIT BROILER', 2, 'KG', '2021-07-20', 4, '', 1, '2021-07-20 20:14:44', 1, '2021-07-20 19:36:41', '2021-07-20 20:14:44'),
(98, '20210720MAT0205', '22000034', 'MIXTOVIT BROILER', 2, 'KG', '2021-07-20', 5, '', 0, NULL, 1, '2021-07-20 19:36:41', '2021-07-20 19:36:41'),
(99, '20210720MAT0301', '22000399', 'PHYTASE GRANULAR', 3, 'KG', '2021-07-20', 1, '', 1, '2021-07-20 20:17:24', 1, '2021-07-20 19:36:52', '2021-07-20 20:17:24'),
(100, '20210720MAT0302', '22000399', 'PHYTASE GRANULAR', 3, 'KG', '2021-07-20', 2, '', 1, '2021-07-20 20:17:46', 1, '2021-07-20 19:36:52', '2021-07-20 20:17:46'),
(101, '20210720MAT0303', '22000399', 'PHYTASE GRANULAR', 3, 'KG', '2021-07-20', 3, '', 1, '2021-07-20 20:18:13', 1, '2021-07-20 19:36:52', '2021-07-20 20:18:13'),
(102, '20210720MAT0304', '22000399', 'PHYTASE GRANULAR', 3, 'KG', '2021-07-20', 4, '', 0, NULL, 1, '2021-07-20 19:36:52', '2021-07-20 19:36:52'),
(103, '20210720MAT0305', '22000399', 'PHYTASE GRANULAR', 3, 'KG', '2021-07-20', 5, '', 0, NULL, 1, '2021-07-20 19:36:52', '2021-07-20 19:36:52'),
(104, '20210720MAT0401', '22000344', 'ANILOX P-10', 4, 'KG', '2021-07-20', 1, '', 1, '2021-07-20 20:18:56', 1, '2021-07-20 19:37:09', '2021-07-20 20:18:56'),
(105, '20210720MAT0402', '22000344', 'ANILOX P-10', 4, 'KG', '2021-07-20', 2, '', 1, '2021-07-20 20:19:13', 1, '2021-07-20 19:37:09', '2021-07-20 20:19:13'),
(106, '20210720MAT0403', '22000344', 'ANILOX P-10', 4, 'KG', '2021-07-20', 3, '', 0, NULL, 1, '2021-07-20 19:37:09', '2021-07-20 19:37:09'),
(107, '20210720MAT0404', '22000344', 'ANILOX P-10', 4, 'KG', '2021-07-20', 4, '', 0, NULL, 1, '2021-07-20 19:37:09', '2021-07-20 19:37:09'),
(108, '20210720MAT0405', '22000344', 'ANILOX P-10', 4, 'KG', '2021-07-20', 5, '', 0, NULL, 1, '2021-07-20 19:37:09', '2021-07-20 19:37:09'),
(109, '20210720MAT0501', '22000406', 'AXTRA XAP 101 TPT', 5, 'KG', '2021-07-20', 1, '', 0, NULL, 1, '2021-07-20 19:37:21', '2021-07-20 19:37:21'),
(110, '20210720MAT0502', '22000406', 'AXTRA XAP 101 TPT', 5, 'KG', '2021-07-20', 2, '', 0, NULL, 1, '2021-07-20 19:37:21', '2021-07-20 19:37:21'),
(111, '20210720MAT0503', '22000406', 'AXTRA XAP 101 TPT', 5, 'KG', '2021-07-20', 3, '', 0, NULL, 1, '2021-07-20 19:37:21', '2021-07-20 19:37:21'),
(112, '20210720MAT0504', '22000406', 'AXTRA XAP 101 TPT', 5, 'KG', '2021-07-20', 4, '', 0, NULL, 1, '2021-07-20 19:37:21', '2021-07-20 19:37:21'),
(113, '20210720MAT0505', '22000406', 'AXTRA XAP 101 TPT', 5, 'KG', '2021-07-20', 5, '', 0, NULL, 1, '2021-07-20 19:37:21', '2021-07-20 19:37:21'),
(114, '20210720MAT0601', '21000007', 'LIMESTONE POWDER', 6, 'KG', '2021-07-20', 1, '', 0, NULL, 1, '2021-07-20 19:37:35', '2021-07-20 19:37:35'),
(115, '20210720MAT0602', '21000007', 'LIMESTONE POWDER', 6, 'KG', '2021-07-20', 2, '', 0, NULL, 1, '2021-07-20 19:37:35', '2021-07-20 19:37:35'),
(116, '20210720MAT0603', '21000007', 'LIMESTONE POWDER', 6, 'KG', '2021-07-20', 3, '', 0, NULL, 1, '2021-07-20 19:37:35', '2021-07-20 19:37:35'),
(117, '20210720MAT0604', '21000007', 'LIMESTONE POWDER', 6, 'KG', '2021-07-20', 4, '', 0, NULL, 1, '2021-07-20 19:37:35', '2021-07-20 19:37:35'),
(118, '20210720MAT0605', '21000007', 'LIMESTONE POWDER', 6, 'KG', '2021-07-20', 5, '', 0, NULL, 1, '2021-07-20 19:37:35', '2021-07-20 19:37:35'),
(119, '20210720MAT0701', '21000017', 'WHEAT POLLARD', 7, 'KG', '2021-07-20', 1, '', 0, NULL, 1, '2021-07-20 19:37:44', '2021-07-20 19:37:44'),
(120, '20210720MAT0702', '21000017', 'WHEAT POLLARD', 7, 'KG', '2021-07-20', 2, '', 0, NULL, 1, '2021-07-20 19:37:44', '2021-07-20 19:37:44'),
(121, '20210720MAT0703', '21000017', 'WHEAT POLLARD', 7, 'KG', '2021-07-20', 3, '', 0, NULL, 1, '2021-07-20 19:37:44', '2021-07-20 19:37:44'),
(122, '20210720MAT0704', '21000017', 'WHEAT POLLARD', 7, 'KG', '2021-07-20', 4, '', 0, NULL, 1, '2021-07-20 19:37:44', '2021-07-20 19:37:44'),
(123, '20210720MAT0705', '21000017', 'WHEAT POLLARD', 7, 'KG', '2021-07-20', 5, '', 0, NULL, 1, '2021-07-20 19:37:44', '2021-07-20 19:37:44'),
(124, '20210720MAT0801', '22000324', 'MONTEBAN 100', 8, 'KG', '2021-07-20', 1, '', 0, NULL, 1, '2021-07-20 19:37:59', '2021-07-20 19:37:59'),
(125, '20210720MAT0802', '22000324', 'MONTEBAN 100', 8, 'KG', '2021-07-20', 2, '', 0, NULL, 1, '2021-07-20 19:37:59', '2021-07-20 19:37:59'),
(126, '20210720MAT0803', '22000324', 'MONTEBAN 100', 8, 'KG', '2021-07-20', 3, '', 0, NULL, 1, '2021-07-20 19:37:59', '2021-07-20 19:37:59'),
(127, '20210720MAT0804', '22000324', 'MONTEBAN 100', 8, 'KG', '2021-07-20', 4, '', 0, NULL, 1, '2021-07-20 19:37:59', '2021-07-20 19:37:59'),
(128, '20210720MAT0805', '22000324', 'MONTEBAN 100', 8, 'KG', '2021-07-20', 5, '', 0, NULL, 1, '2021-07-20 19:37:59', '2021-07-20 19:37:59'),
(129, '20210720MAT0901', '22000355', 'NUTRIBUILDER', 9, 'KG', '2021-07-20', 1, '', 0, NULL, 1, '2021-07-20 19:38:15', '2021-07-20 19:38:15'),
(130, '20210720MAT0902', '22000355', 'NUTRIBUILDER', 9, 'KG', '2021-07-20', 2, '', 0, NULL, 1, '2021-07-20 19:38:15', '2021-07-20 19:38:15'),
(131, '20210720MAT0903', '22000355', 'NUTRIBUILDER', 9, 'KG', '2021-07-20', 3, '', 0, NULL, 1, '2021-07-20 19:38:15', '2021-07-20 19:38:15'),
(132, '20210720MAT0904', '22000355', 'NUTRIBUILDER', 9, 'KG', '2021-07-20', 4, '', 0, NULL, 1, '2021-07-20 19:38:15', '2021-07-20 19:38:15'),
(133, '20210720MAT0905', '22000355', 'NUTRIBUILDER', 9, 'KG', '2021-07-20', 5, '', 0, NULL, 1, '2021-07-20 19:38:15', '2021-07-20 19:38:15'),
(134, '20210720MAT1001', '22000313', 'L-VALINE', 10, 'KG', '2021-07-20', 1, '', 0, NULL, 1, '2021-07-20 19:40:22', '2021-07-20 19:40:22'),
(135, '20210720MAT1002', '22000313', 'L-VALINE', 10, 'KG', '2021-07-20', 2, '', 0, NULL, 1, '2021-07-20 19:40:22', '2021-07-20 19:40:22'),
(136, '20210720MAT1003', '22000313', 'L-VALINE', 10, 'KG', '2021-07-20', 3, '', 0, NULL, 1, '2021-07-20 19:40:22', '2021-07-20 19:40:22'),
(137, '20210720MAT1004', '22000313', 'L-VALINE', 10, 'KG', '2021-07-20', 4, '', 0, NULL, 1, '2021-07-20 19:40:22', '2021-07-20 19:40:22'),
(138, '20210720MAT1005', '22000313', 'L-VALINE', 10, 'KG', '2021-07-20', 5, '', 0, NULL, 1, '2021-07-20 19:40:22', '2021-07-20 19:40:22'),
(139, '20210720MAT1101', '22000015', 'COPPER SULFAT', 11, 'KG', '2021-07-20', 1, '', 0, NULL, 1, '2021-07-20 19:40:34', '2021-07-20 19:40:34'),
(140, '20210720MAT1102', '22000015', 'COPPER SULFAT', 11, 'KG', '2021-07-20', 2, '', 0, NULL, 1, '2021-07-20 19:40:34', '2021-07-20 19:40:34'),
(141, '20210720MAT1103', '22000015', 'COPPER SULFAT', 11, 'KG', '2021-07-20', 3, '', 0, NULL, 1, '2021-07-20 19:40:34', '2021-07-20 19:40:34'),
(142, '20210720MAT1104', '22000015', 'COPPER SULFAT', 11, 'KG', '2021-07-20', 4, '', 0, NULL, 1, '2021-07-20 19:40:34', '2021-07-20 19:40:34'),
(143, '20210720MAT1105', '22000015', 'COPPER SULFAT', 11, 'KG', '2021-07-20', 5, '', 0, NULL, 1, '2021-07-20 19:40:34', '2021-07-20 19:40:34'),
(144, '20210720MAT1201', '22000033', 'MIXTOVIT MIN MIX BROILER', 12, 'KG', '2021-07-20', 1, '', 1, '2021-07-20 20:16:08', 1, '2021-07-20 20:08:18', '2021-07-20 20:16:08'),
(145, '20210720MAT1202', '22000033', 'MIXTOVIT MIN MIX BROILER', 12, 'KG', '2021-07-20', 2, '', 1, '2021-07-20 20:16:35', 1, '2021-07-20 20:08:18', '2021-07-20 20:16:35'),
(146, '20210720MAT1203', '22000033', 'MIXTOVIT MIN MIX BROILER', 12, 'KG', '2021-07-20', 3, '', 1, '2021-07-20 20:16:53', 1, '2021-07-20 20:08:18', '2021-07-20 20:16:53'),
(147, '20210722MAT0101', '22000072', 'XANTHOFIL 2%', 1, 'KG', '2021-07-22', 1, '', 0, NULL, 1, '2021-07-22 18:41:10', '2021-07-22 18:41:10'),
(148, '20210722MAT0102', '22000072', 'XANTHOFIL 2%', 1, 'KG', '2021-07-22', 2, '', 0, NULL, 1, '2021-07-22 18:41:10', '2021-07-22 18:41:10'),
(149, '20210722MAT0103', '22000072', 'XANTHOFIL 2%', 1, 'KG', '2021-07-22', 3, '', 0, NULL, 1, '2021-07-22 18:41:10', '2021-07-22 18:41:10'),
(150, '20210722MAT0104', '22000072', 'XANTHOFIL 2%', 1, 'KG', '2021-07-22', 4, '', 0, NULL, 1, '2021-07-22 18:41:10', '2021-07-22 18:41:10'),
(151, '20210722MAT0105', '22000072', 'XANTHOFIL 2%', 1, 'KG', '2021-07-22', 5, '', 0, NULL, 1, '2021-07-22 18:41:10', '2021-07-22 18:41:10'),
(152, '20210722MAT0201', '22000330', 'NUTRIMIX DMC-BRO', 2, 'KG', '2021-07-22', 1, '', 0, NULL, 1, '2021-07-22 23:38:56', '2021-07-22 23:38:56'),
(153, '20210722MAT0202', '22000330', 'NUTRIMIX DMC-BRO', 2, 'KG', '2021-07-22', 2, '', 0, NULL, 1, '2021-07-22 23:38:56', '2021-07-22 23:38:56'),
(154, '20210722MAT0203', '22000330', 'NUTRIMIX DMC-BRO', 2, 'KG', '2021-07-22', 3, '', 0, NULL, 1, '2021-07-22 23:38:56', '2021-07-22 23:38:56'),
(155, '20210722MAT0204', '22000330', 'NUTRIMIX DMC-BRO', 2, 'KG', '2021-07-22', 4, '', 0, NULL, 1, '2021-07-22 23:38:56', '2021-07-22 23:38:56'),
(156, '20210722MAT0205', '22000330', 'NUTRIMIX DMC-BRO', 2, 'KG', '2021-07-22', 5, '', 0, NULL, 1, '2021-07-22 23:38:56', '2021-07-22 23:38:56'),
(157, '20210723MAT0101', '22000331', 'BETACELL MINERAL DMC-BRO', 1, 'KG', '2021-07-23', 1, '', 0, NULL, 1, '2021-07-23 09:34:34', '2021-07-23 09:34:34'),
(158, '20210723MAT0102', '22000331', 'BETACELL MINERAL DMC-BRO', 1, 'KG', '2021-07-23', 2, '', 0, NULL, 1, '2021-07-23 09:34:34', '2021-07-23 09:34:34'),
(159, '20210723MAT0103', '22000331', 'BETACELL MINERAL DMC-BRO', 1, 'KG', '2021-07-23', 3, '', 0, NULL, 1, '2021-07-23 09:34:34', '2021-07-23 09:34:34'),
(160, '20210723MAT0104', '22000331', 'BETACELL MINERAL DMC-BRO', 1, 'KG', '2021-07-23', 4, '', 0, NULL, 1, '2021-07-23 09:34:34', '2021-07-23 09:34:34'),
(161, '20210723MAT0105', '22000331', 'BETACELL MINERAL DMC-BRO', 1, 'KG', '2021-07-23', 5, '', 0, NULL, 1, '2021-07-23 09:34:34', '2021-07-23 09:34:34'),
(162, '20210723MAT0201', '22000009', 'BMD . 100', 2, 'KG', '2021-07-23', 1, '', 0, NULL, 1, '2021-07-23 09:54:02', '2021-07-23 09:54:02'),
(163, '20210723MAT0202', '22000009', 'BMD . 100', 2, 'KG', '2021-07-23', 2, '', 0, NULL, 1, '2021-07-23 09:54:02', '2021-07-23 09:54:02'),
(164, '20210723MAT0203', '22000009', 'BMD . 100', 2, 'KG', '2021-07-23', 3, '', 0, NULL, 1, '2021-07-23 09:54:02', '2021-07-23 09:54:02'),
(165, '20210723MAT0204', '22000009', 'BMD . 100', 2, 'KG', '2021-07-23', 4, '', 0, NULL, 1, '2021-07-23 09:54:02', '2021-07-23 09:54:02'),
(166, '20210723MAT0205', '22000009', 'BMD . 100', 2, 'KG', '2021-07-23', 5, '', 0, NULL, 1, '2021-07-23 09:54:02', '2021-07-23 09:54:02'),
(167, '20210723MAT0206', '22000009', 'BMD . 100', 2, 'KG', '2021-07-23', 6, '', 0, NULL, 1, '2021-07-23 09:54:02', '2021-07-23 09:54:02'),
(168, '20210723MAT0207', '22000009', 'BMD . 100', 2, 'KG', '2021-07-23', 7, '', 0, NULL, 1, '2021-07-23 09:54:02', '2021-07-23 09:54:02'),
(169, '20210723MAT0208', '22000009', 'BMD . 100', 2, 'KG', '2021-07-23', 8, '', 0, NULL, 1, '2021-07-23 09:54:02', '2021-07-23 09:54:02'),
(170, '20210723MAT0209', '22000009', 'BMD . 100', 2, 'KG', '2021-07-23', 9, '', 0, NULL, 1, '2021-07-23 09:54:02', '2021-07-23 09:54:02'),
(171, '20210723MAT0210', '22000009', 'BMD . 100', 2, 'KG', '2021-07-23', 10, '', 0, NULL, 1, '2021-07-23 09:54:02', '2021-07-23 09:54:02'),
(172, '20210723MAT0211', '22000009', 'BMD . 100', 2, 'KG', '2021-07-23', 11, '', 0, NULL, 1, '2021-07-23 09:54:02', '2021-07-23 09:54:02'),
(173, '20210723MAT0212', '22000009', 'BMD . 100', 2, 'KG', '2021-07-23', 12, '', 0, NULL, 1, '2021-07-23 09:54:02', '2021-07-23 09:54:02'),
(174, '20210723MAT0213', '22000009', 'BMD . 100', 2, 'KG', '2021-07-23', 13, '', 0, NULL, 1, '2021-07-23 09:54:02', '2021-07-23 09:54:02'),
(175, '20210723MAT0214', '22000009', 'BMD . 100', 2, 'KG', '2021-07-23', 14, '', 0, NULL, 1, '2021-07-23 09:54:02', '2021-07-23 09:54:02'),
(176, '20210723MAT0215', '22000009', 'BMD . 100', 2, 'KG', '2021-07-23', 15, '', 0, NULL, 1, '2021-07-23 09:54:02', '2021-07-23 09:54:02'),
(177, '20210723MAT0216', '22000009', 'BMD . 100', 2, 'KG', '2021-07-23', 16, '', 0, NULL, 1, '2021-07-23 09:54:02', '2021-07-23 09:54:02'),
(178, '20210723MAT0217', '22000009', 'BMD . 100', 2, 'KG', '2021-07-23', 17, '', 0, NULL, 1, '2021-07-23 09:54:02', '2021-07-23 09:54:02'),
(179, '20210723MAT0218', '22000009', 'BMD . 100', 2, 'KG', '2021-07-23', 18, '', 0, NULL, 1, '2021-07-23 09:54:02', '2021-07-23 09:54:02'),
(180, '20210723MAT0219', '22000009', 'BMD . 100', 2, 'KG', '2021-07-23', 19, '', 0, NULL, 1, '2021-07-23 09:54:02', '2021-07-23 09:54:02'),
(181, '20210723MAT0220', '22000009', 'BMD . 100', 2, 'KG', '2021-07-23', 20, '', 0, NULL, 1, '2021-07-23 09:54:02', '2021-07-23 09:54:02'),
(182, '20210723MAT0221', '22000009', 'BMD . 100', 2, 'KG', '2021-07-23', 21, '', 0, NULL, 1, '2021-07-23 09:54:02', '2021-07-23 09:54:02'),
(183, '20210723MAT0222', '22000009', 'BMD . 100', 2, 'KG', '2021-07-23', 22, '', 0, NULL, 1, '2021-07-23 09:54:02', '2021-07-23 09:54:02'),
(184, '20210723MAT0223', '22000009', 'BMD . 100', 2, 'KG', '2021-07-23', 23, '', 0, NULL, 1, '2021-07-23 09:54:02', '2021-07-23 09:54:02'),
(185, '20210723MAT0224', '22000009', 'BMD . 100', 2, 'KG', '2021-07-23', 24, '', 0, NULL, 1, '2021-07-23 09:54:02', '2021-07-23 09:54:02'),
(186, '20210723MAT0225', '22000009', 'BMD . 100', 2, 'KG', '2021-07-23', 25, '', 0, NULL, 1, '2021-07-23 09:54:02', '2021-07-23 09:54:02'),
(187, '20210723MAT0301', '22000384', 'ZAMSTAT 120', 3, 'KG', '2021-07-23', 1, '', 0, NULL, 1, '2021-07-23 09:57:01', '2021-07-23 09:57:01'),
(188, '20210723MAT0302', '22000384', 'ZAMSTAT 120', 3, 'KG', '2021-07-23', 2, '', 0, NULL, 1, '2021-07-23 09:57:01', '2021-07-23 09:57:01'),
(189, '20210723MAT0303', '22000384', 'ZAMSTAT 120', 3, 'KG', '2021-07-23', 3, '', 0, NULL, 1, '2021-07-23 09:57:01', '2021-07-23 09:57:01'),
(190, '20210723MAT0304', '22000384', 'ZAMSTAT 120', 3, 'KG', '2021-07-23', 4, '', 0, NULL, 1, '2021-07-23 09:57:01', '2021-07-23 09:57:01'),
(191, '20210723MAT0305', '22000384', 'ZAMSTAT 120', 3, 'KG', '2021-07-23', 5, '', 0, NULL, 1, '2021-07-23 09:57:01', '2021-07-23 09:57:01'),
(192, '20210723MAT0306', '22000384', 'ZAMSTAT 120', 3, 'KG', '2021-07-23', 6, '', 0, NULL, 1, '2021-07-23 09:57:01', '2021-07-23 09:57:01'),
(193, '20210723MAT0307', '22000384', 'ZAMSTAT 120', 3, 'KG', '2021-07-23', 7, '', 0, NULL, 1, '2021-07-23 09:57:01', '2021-07-23 09:57:01'),
(194, '20210723MAT0308', '22000384', 'ZAMSTAT 120', 3, 'KG', '2021-07-23', 8, '', 0, NULL, 1, '2021-07-23 09:57:01', '2021-07-23 09:57:01'),
(195, '20210723MAT0309', '22000384', 'ZAMSTAT 120', 3, 'KG', '2021-07-23', 9, '', 0, NULL, 1, '2021-07-23 09:57:01', '2021-07-23 09:57:01'),
(196, '20210723MAT0310', '22000384', 'ZAMSTAT 120', 3, 'KG', '2021-07-23', 10, '', 0, NULL, 1, '2021-07-23 09:57:01', '2021-07-23 09:57:01'),
(197, '20210723MAT0311', '22000384', 'ZAMSTAT 120', 3, 'KG', '2021-07-23', 11, '', 0, NULL, 1, '2021-07-23 09:57:01', '2021-07-23 09:57:01'),
(198, '20210723MAT0312', '22000384', 'ZAMSTAT 120', 3, 'KG', '2021-07-23', 12, '', 0, NULL, 1, '2021-07-23 09:57:01', '2021-07-23 09:57:01'),
(199, '20210723MAT0313', '22000384', 'ZAMSTAT 120', 3, 'KG', '2021-07-23', 13, '', 0, NULL, 1, '2021-07-23 09:57:01', '2021-07-23 09:57:01'),
(200, '20210723MAT0314', '22000384', 'ZAMSTAT 120', 3, 'KG', '2021-07-23', 14, '', 0, NULL, 1, '2021-07-23 09:57:01', '2021-07-23 09:57:01'),
(201, '20210723MAT0315', '22000384', 'ZAMSTAT 120', 3, 'KG', '2021-07-23', 15, '', 0, NULL, 1, '2021-07-23 09:57:01', '2021-07-23 09:57:01'),
(202, '20210723MAT0316', '22000384', 'ZAMSTAT 120', 3, 'KG', '2021-07-23', 16, '', 0, NULL, 1, '2021-07-23 09:57:01', '2021-07-23 09:57:01'),
(203, '20210723MAT0317', '22000384', 'ZAMSTAT 120', 3, 'KG', '2021-07-23', 17, '', 0, NULL, 1, '2021-07-23 09:57:01', '2021-07-23 09:57:01'),
(204, '20210723MAT0318', '22000384', 'ZAMSTAT 120', 3, 'KG', '2021-07-23', 18, '', 0, NULL, 1, '2021-07-23 09:57:01', '2021-07-23 09:57:01'),
(205, '20210723MAT0319', '22000384', 'ZAMSTAT 120', 3, 'KG', '2021-07-23', 19, '', 0, NULL, 1, '2021-07-23 09:57:01', '2021-07-23 09:57:01'),
(206, '20210723MAT0320', '22000384', 'ZAMSTAT 120', 3, 'KG', '2021-07-23', 20, '', 0, NULL, 1, '2021-07-23 09:57:01', '2021-07-23 09:57:01'),
(207, '20210723MAT0321', '22000384', 'ZAMSTAT 120', 3, 'KG', '2021-07-23', 21, '', 0, NULL, 1, '2021-07-23 09:57:01', '2021-07-23 09:57:01'),
(208, '20210723MAT0322', '22000384', 'ZAMSTAT 120', 3, 'KG', '2021-07-23', 22, '', 0, NULL, 1, '2021-07-23 09:57:01', '2021-07-23 09:57:01'),
(209, '20210723MAT0323', '22000384', 'ZAMSTAT 120', 3, 'KG', '2021-07-23', 23, '', 0, NULL, 1, '2021-07-23 09:57:01', '2021-07-23 09:57:01'),
(210, '20210723MAT0324', '22000384', 'ZAMSTAT 120', 3, 'KG', '2021-07-23', 24, '', 0, NULL, 1, '2021-07-23 09:57:01', '2021-07-23 09:57:01'),
(211, '20210723MAT0325', '22000384', 'ZAMSTAT 120', 3, 'KG', '2021-07-23', 25, '', 0, NULL, 1, '2021-07-23 09:57:01', '2021-07-23 09:57:01'),
(212, '20210804MAT0101', '22000393', 'CONCENTRASE P', 1, 'KG', '2021-08-04', 1, '', 0, NULL, 1, '2021-08-04 14:12:01', '2021-08-04 14:12:01'),
(213, '20210804MAT0102', '22000393', 'CONCENTRASE P', 1, 'KG', '2021-08-04', 2, '', 0, NULL, 1, '2021-08-04 14:12:01', '2021-08-04 14:12:01'),
(214, '20210804MAT0103', '22000393', 'CONCENTRASE P', 1, 'KG', '2021-08-04', 3, '', 0, NULL, 1, '2021-08-04 14:12:01', '2021-08-04 14:12:01'),
(215, '20210804MAT0104', '22000393', 'CONCENTRASE P', 1, 'KG', '2021-08-04', 4, '', 0, NULL, 1, '2021-08-04 14:12:01', '2021-08-04 14:12:01'),
(216, '20210804MAT0105', '22000393', 'CONCENTRASE P', 1, 'KG', '2021-08-04', 5, '', 0, NULL, 1, '2021-08-04 14:12:01', '2021-08-04 14:12:01'),
(217, '20210805MAT0101', '22000035', 'MIXTOVIT BREEDER', 1, 'KG', '2021-08-05', 1, '', 0, NULL, 1, '2021-08-05 15:00:10', '2021-08-05 15:00:10'),
(218, '20210805MAT0102', '22000035', 'MIXTOVIT BREEDER', 1, 'KG', '2021-08-05', 2, '', 0, NULL, 1, '2021-08-05 15:00:10', '2021-08-05 15:00:10'),
(219, '20210805MAT0103', '22000035', 'MIXTOVIT BREEDER', 1, 'KG', '2021-08-05', 3, '', 0, NULL, 1, '2021-08-05 15:00:10', '2021-08-05 15:00:10'),
(220, '20210805MAT0104', '22000035', 'MIXTOVIT BREEDER', 1, 'KG', '2021-08-05', 4, '', 0, NULL, 1, '2021-08-05 15:00:10', '2021-08-05 15:00:10'),
(221, '20210805MAT0105', '22000035', 'MIXTOVIT BREEDER', 1, 'KG', '2021-08-05', 5, '', 0, NULL, 1, '2021-08-05 15:00:10', '2021-08-05 15:00:10'),
(222, '20210805MAT0201', '22000036', 'MIXTOVIT MIN BREEDER PLUS', 2, 'KG', '2021-08-05', 1, '', 0, NULL, 1, '2021-08-05 15:14:08', '2021-08-05 15:14:08'),
(223, '20210805MAT0202', '22000036', 'MIXTOVIT MIN BREEDER PLUS', 2, 'KG', '2021-08-05', 2, '', 0, NULL, 1, '2021-08-05 15:14:08', '2021-08-05 15:14:08'),
(224, '20210805MAT0203', '22000036', 'MIXTOVIT MIN BREEDER PLUS', 2, 'KG', '2021-08-05', 3, '', 0, NULL, 1, '2021-08-05 15:14:08', '2021-08-05 15:14:08'),
(225, '20210805MAT0204', '22000036', 'MIXTOVIT MIN BREEDER PLUS', 2, 'KG', '2021-08-05', 4, '', 0, NULL, 1, '2021-08-05 15:14:08', '2021-08-05 15:14:08'),
(226, '20210805MAT0205', '22000036', 'MIXTOVIT MIN BREEDER PLUS', 2, 'KG', '2021-08-05', 5, '', 0, NULL, 1, '2021-08-05 15:14:08', '2021-08-05 15:14:08'),
(227, '20210805MAT0206', '22000036', 'MIXTOVIT MIN BREEDER PLUS', 2, 'KG', '2021-08-05', 6, '', 0, NULL, 1, '2021-08-05 15:14:08', '2021-08-05 15:14:08'),
(228, '20210805MAT0207', '22000036', 'MIXTOVIT MIN BREEDER PLUS', 2, 'KG', '2021-08-05', 7, '', 0, NULL, 1, '2021-08-05 15:14:08', '2021-08-05 15:14:08'),
(229, '20210805MAT0208', '22000036', 'MIXTOVIT MIN BREEDER PLUS', 2, 'KG', '2021-08-05', 8, '', 0, NULL, 1, '2021-08-05 15:14:08', '2021-08-05 15:14:08'),
(230, '20210805MAT0209', '22000036', 'MIXTOVIT MIN BREEDER PLUS', 2, 'KG', '2021-08-05', 9, '', 0, NULL, 1, '2021-08-05 15:14:08', '2021-08-05 15:14:08'),
(231, '20210805MAT0210', '22000036', 'MIXTOVIT MIN BREEDER PLUS', 2, 'KG', '2021-08-05', 10, '', 0, NULL, 1, '2021-08-05 15:14:08', '2021-08-05 15:14:08'),
(232, '20210805MAT0211', '22000036', 'MIXTOVIT MIN BREEDER PLUS', 2, 'KG', '2021-08-05', 11, '', 0, NULL, 1, '2021-08-05 15:14:08', '2021-08-05 15:14:08'),
(233, '20210805MAT0212', '22000036', 'MIXTOVIT MIN BREEDER PLUS', 2, 'KG', '2021-08-05', 12, '', 0, NULL, 1, '2021-08-05 15:14:08', '2021-08-05 15:14:08'),
(234, '20210805MAT0213', '22000036', 'MIXTOVIT MIN BREEDER PLUS', 2, 'KG', '2021-08-05', 13, '', 0, NULL, 1, '2021-08-05 15:14:08', '2021-08-05 15:14:08'),
(235, '20210805MAT0214', '22000036', 'MIXTOVIT MIN BREEDER PLUS', 2, 'KG', '2021-08-05', 14, '', 0, NULL, 1, '2021-08-05 15:14:08', '2021-08-05 15:14:08'),
(236, '20210805MAT0215', '22000036', 'MIXTOVIT MIN BREEDER PLUS', 2, 'KG', '2021-08-05', 15, '', 0, NULL, 1, '2021-08-05 15:14:08', '2021-08-05 15:14:08'),
(237, '20210805MAT0216', '22000036', 'MIXTOVIT MIN BREEDER PLUS', 2, 'KG', '2021-08-05', 16, '', 0, NULL, 1, '2021-08-05 15:14:08', '2021-08-05 15:14:08'),
(238, '20210805MAT0217', '22000036', 'MIXTOVIT MIN BREEDER PLUS', 2, 'KG', '2021-08-05', 17, '', 0, NULL, 1, '2021-08-05 15:14:08', '2021-08-05 15:14:08'),
(239, '20210805MAT0218', '22000036', 'MIXTOVIT MIN BREEDER PLUS', 2, 'KG', '2021-08-05', 18, '', 0, NULL, 1, '2021-08-05 15:14:08', '2021-08-05 15:14:08'),
(240, '20210805MAT0219', '22000036', 'MIXTOVIT MIN BREEDER PLUS', 2, 'KG', '2021-08-05', 19, '', 0, NULL, 1, '2021-08-05 15:14:08', '2021-08-05 15:14:08'),
(241, '20210805MAT0220', '22000036', 'MIXTOVIT MIN BREEDER PLUS', 2, 'KG', '2021-08-05', 20, '', 0, NULL, 1, '2021-08-05 15:14:08', '2021-08-05 15:14:08'),
(242, '20210805MAT0221', '22000036', 'MIXTOVIT MIN BREEDER PLUS', 2, 'KG', '2021-08-05', 21, '', 0, NULL, 1, '2021-08-05 15:14:08', '2021-08-05 15:14:08'),
(243, '20210805MAT0222', '22000036', 'MIXTOVIT MIN BREEDER PLUS', 2, 'KG', '2021-08-05', 22, '', 0, NULL, 1, '2021-08-05 15:14:08', '2021-08-05 15:14:08'),
(244, '20210805MAT0223', '22000036', 'MIXTOVIT MIN BREEDER PLUS', 2, 'KG', '2021-08-05', 23, '', 0, NULL, 1, '2021-08-05 15:14:08', '2021-08-05 15:14:08'),
(245, '20210805MAT0224', '22000036', 'MIXTOVIT MIN BREEDER PLUS', 2, 'KG', '2021-08-05', 24, '', 0, NULL, 1, '2021-08-05 15:14:08', '2021-08-05 15:14:08'),
(246, '20210805MAT0225', '22000036', 'MIXTOVIT MIN BREEDER PLUS', 2, 'KG', '2021-08-05', 25, '', 0, NULL, 1, '2021-08-05 15:14:08', '2021-08-05 15:14:08'),
(247, '20210806MAT0101', '22000070', 'VITAMIN LAYER', 1, 'KG', '2021-08-06', 1, '', 0, NULL, 1, '2021-08-06 13:52:14', '2021-08-06 13:52:14'),
(248, '20210806MAT0102', '22000070', 'VITAMIN LAYER', 1, 'KG', '2021-08-06', 2, '', 0, NULL, 1, '2021-08-06 13:52:14', '2021-08-06 13:52:14'),
(249, '20210806MAT0103', '22000070', 'VITAMIN LAYER', 1, 'KG', '2021-08-06', 3, '', 0, NULL, 1, '2021-08-06 13:52:14', '2021-08-06 13:52:14'),
(250, '20210806MAT0104', '22000070', 'VITAMIN LAYER', 1, 'KG', '2021-08-06', 4, '', 0, NULL, 1, '2021-08-06 13:52:14', '2021-08-06 13:52:14'),
(251, '20210806MAT0105', '22000070', 'VITAMIN LAYER', 1, 'KG', '2021-08-06', 5, '', 0, NULL, 1, '2021-08-06 13:52:14', '2021-08-06 13:52:14');

-- --------------------------------------------------------

--
-- Table structure for table `m_status`
--

CREATE TABLE `m_status` (
  `id` int(11) NOT NULL,
  `nama` varchar(50) NOT NULL,
  `active` tinyint(1) NOT NULL,
  `created_date` datetime NOT NULL DEFAULT current_timestamp() ON UPDATE current_timestamp(),
  `updated_date` datetime NOT NULL DEFAULT current_timestamp() ON UPDATE current_timestamp()
) ENGINE=InnoDB DEFAULT CHARSET=utf8mb4;

--
-- Dumping data for table `m_status`
--

INSERT INTO `m_status` (`id`, `nama`, `active`, `created_date`, `updated_date`) VALUES
(1, 'READY', 1, '2021-04-30 13:13:42', '2021-04-30 13:13:42'),
(2, 'COMPLETED', 1, '2021-04-30 13:13:42', '2021-04-30 13:13:42'),
(3, 'FINISH', 1, '2021-05-10 10:19:08', '2021-05-10 10:19:08');

-- --------------------------------------------------------

--
-- Table structure for table `m_unit_satuan`
--

CREATE TABLE `m_unit_satuan` (
  `id` int(11) NOT NULL,
  `unit_nm` varchar(10) NOT NULL,
  `active` tinyint(1) NOT NULL,
  `created_date` datetime NOT NULL DEFAULT current_timestamp(),
  `updated_date` datetime NOT NULL DEFAULT current_timestamp() ON UPDATE current_timestamp()
) ENGINE=InnoDB DEFAULT CHARSET=utf8mb4;

--
-- Dumping data for table `m_unit_satuan`
--

INSERT INTO `m_unit_satuan` (`id`, `unit_nm`, `active`, `created_date`, `updated_date`) VALUES
(1, 'KG', 1, '2021-04-29 11:31:57', '2021-04-29 11:31:57');

-- --------------------------------------------------------

--
-- Table structure for table `qrcode`
--

CREATE TABLE `qrcode` (
  `id` int(11) NOT NULL,
  `nama` varchar(255) NOT NULL,
  `codes` varchar(200) NOT NULL,
  `ket` varchar(50) NOT NULL
) ENGINE=InnoDB DEFAULT CHARSET=utf8mb4;

--
-- Dumping data for table `qrcode`
--

INSERT INTO `qrcode` (`id`, `nama`, `codes`, `ket`) VALUES
(96, 'Material1', '20210430110820001', ''),
(97, 'Material1', '20210430110820002', ''),
(98, 'Material1', '20210430110820003', ''),
(99, 'Material1', '20210430110820004', ''),
(100, 'Material1', '20210430110820005', '');

-- --------------------------------------------------------

--
-- Table structure for table `t_qrcodes_premix_packing`
--

CREATE TABLE `t_qrcodes_premix_packing` (
  `id` int(11) NOT NULL,
  `codes` varchar(25) NOT NULL,
  `id_transaction` varchar(20) NOT NULL,
  `no_pack` int(11) NOT NULL,
  `active` tinyint(1) NOT NULL DEFAULT 1,
  `created_date` datetime NOT NULL DEFAULT current_timestamp(),
  `updated_date` datetime NOT NULL DEFAULT current_timestamp() ON UPDATE current_timestamp()
) ENGINE=InnoDB DEFAULT CHARSET=utf8mb4;

--
-- Dumping data for table `t_qrcodes_premix_packing`
--

INSERT INTO `t_qrcodes_premix_packing` (`id`, `codes`, `id_transaction`, `no_pack`, `active`, `created_date`, `updated_date`) VALUES
(33, '202108050101', '2021080401PMX001', 1, 1, '2021-08-05 10:35:31', '2021-08-05 10:35:31'),
(34, '202108050102', '2021080401PMX001', 2, 1, '2021-08-05 10:35:31', '2021-08-05 10:35:31'),
(35, '202108050103', '2021080401PMX001', 3, 1, '2021-08-05 10:35:31', '2021-08-05 10:35:31'),
(36, '202108050104', '2021080401PMX001', 4, 1, '2021-08-05 10:35:31', '2021-08-05 10:35:31'),
(37, '202108050105', '2021080401PMX001', 5, 1, '2021-08-05 10:35:31', '2021-08-05 10:35:31'),
(38, '202108050106', '2021080401PMX001', 6, 1, '2021-08-05 10:35:31', '2021-08-05 10:35:31'),
(39, '202108050107', '2021080401PMX001', 7, 1, '2021-08-05 10:35:31', '2021-08-05 10:35:31'),
(40, '202108050108', '2021080401PMX001', 8, 1, '2021-08-05 10:35:31', '2021-08-05 10:35:31'),
(41, '202108050109', '2021080401PMX001', 9, 1, '2021-08-05 10:35:31', '2021-08-05 10:35:31'),
(42, '202108050110', '2021080401PMX001', 10, 1, '2021-08-05 10:35:31', '2021-08-05 10:35:31'),
(43, '202108050111', '2021080401PMX001', 11, 1, '2021-08-05 10:35:31', '2021-08-05 10:35:31'),
(44, '202108050112', '2021080401PMX001', 12, 1, '2021-08-05 10:35:31', '2021-08-05 10:35:31'),
(45, '202108050113', '2021080401PMX001', 13, 1, '2021-08-05 10:35:31', '2021-08-05 10:35:31'),
(46, '202108050114', '2021080401PMX001', 14, 1, '2021-08-05 10:35:31', '2021-08-05 10:35:31'),
(47, '202108050115', '2021080401PMX001', 15, 1, '2021-08-05 10:35:31', '2021-08-05 10:35:31'),
(48, '202108050116', '2021080401PMX001', 16, 1, '2021-08-05 10:35:31', '2021-08-05 10:35:31'),
(49, '202108050117', '2021080401PMX001', 17, 1, '2021-08-05 10:35:31', '2021-08-05 10:35:31'),
(50, '202108050118', '2021080401PMX001', 18, 1, '2021-08-05 10:35:31', '2021-08-05 10:35:31'),
(51, '202108050119', '2021080401PMX001', 19, 1, '2021-08-05 10:35:31', '2021-08-05 10:35:31'),
(52, '202108050120', '2021080401PMX001', 20, 1, '2021-08-05 10:35:31', '2021-08-05 10:35:31'),
(53, '202108050121', '2021080401PMX001', 21, 1, '2021-08-05 10:35:31', '2021-08-05 10:35:31'),
(54, '202108050122', '2021080401PMX001', 22, 1, '2021-08-05 10:35:31', '2021-08-05 10:35:31'),
(55, '202108050123', '2021080401PMX001', 23, 1, '2021-08-05 10:35:31', '2021-08-05 10:35:31'),
(56, '202108050124', '2021080401PMX001', 24, 1, '2021-08-05 10:35:31', '2021-08-05 10:35:31'),
(57, '202108050125', '2021080401PMX001', 25, 1, '2021-08-05 10:35:31', '2021-08-05 10:35:31'),
(58, '202108050126', '2021080401PMX001', 26, 1, '2021-08-05 10:35:31', '2021-08-05 10:35:31'),
(59, '202108050127', '2021080401PMX001', 27, 1, '2021-08-05 10:35:31', '2021-08-05 10:35:31'),
(60, '202108050128', '2021080401PMX001', 28, 1, '2021-08-05 10:35:31', '2021-08-05 10:35:31'),
(61, '202108050129', '2021080401PMX001', 29, 1, '2021-08-05 10:35:31', '2021-08-05 10:35:31'),
(62, '202108050130', '2021080401PMX001', 30, 1, '2021-08-05 10:35:31', '2021-08-05 10:35:31'),
(63, '202108050131', '2021080401PMX001', 31, 1, '2021-08-05 10:35:31', '2021-08-05 10:35:31'),
(64, '202108050132', '2021080401PMX001', 32, 1, '2021-08-05 10:35:31', '2021-08-05 10:35:31');

-- --------------------------------------------------------

--
-- Table structure for table `t_rencana_produksi`
--

CREATE TABLE `t_rencana_produksi` (
  `id` int(11) NOT NULL,
  `id_transaction` varchar(25) DEFAULT NULL,
  `tanggal` date DEFAULT NULL,
  `urutan` int(11) DEFAULT NULL,
  `fml_transaction` varchar(25) DEFAULT NULL,
  `fml_no` varchar(25) NOT NULL,
  `item` varchar(18) NOT NULL,
  `fml_name` varchar(50) NOT NULL,
  `prosen` decimal(10,2) DEFAULT NULL,
  `status` int(11) NOT NULL DEFAULT 1,
  `tgl_dosing` datetime DEFAULT NULL,
  `tgl_proses` datetime DEFAULT NULL,
  `sts_mikro` tinyint(1) NOT NULL DEFAULT 0,
  `sts_makro` tinyint(1) NOT NULL DEFAULT 0,
  `active` tinyint(1) NOT NULL DEFAULT 1,
  `created_date` datetime NOT NULL DEFAULT current_timestamp(),
  `updated_date` datetime NOT NULL DEFAULT current_timestamp() ON UPDATE current_timestamp()
) ENGINE=InnoDB DEFAULT CHARSET=utf8mb4;

--
-- Dumping data for table `t_rencana_produksi`
--

INSERT INTO `t_rencana_produksi` (`id`, `id_transaction`, `tanggal`, `urutan`, `fml_transaction`, `fml_no`, `item`, `fml_name`, `prosen`, `status`, `tgl_dosing`, `tgl_proses`, `sts_mikro`, `sts_makro`, `active`, `created_date`, `updated_date`) VALUES
(7, '2021080401PMX001', '2021-08-05', 1, '2021071701MP0002', '1707/21', '22200366', 'PMX F1 170721', '800.00', 3, '2021-08-05 10:32:14', '2021-08-05 10:35:31', 1, 1, 1, '2021-08-04 11:12:22', '2021-08-05 10:35:31'),
(8, '2021080501PMX002', '2021-08-05', 2, '2021080501MP0001', '050821', '22200373', 'PMX BREED D 0508/21', '800.00', 1, NULL, NULL, 0, 0, 1, '2021-08-05 14:24:31', '2021-08-05 14:24:31');

-- --------------------------------------------------------

--
-- Table structure for table `t_riwayat_intake`
--

CREATE TABLE `t_riwayat_intake` (
  `id` int(11) NOT NULL,
  `id_material` int(11) NOT NULL,
  `code_barang` varchar(50) DEFAULT NULL,
  `qty` decimal(10,2) NOT NULL,
  `id_bin` int(11) NOT NULL,
  `active` int(11) NOT NULL DEFAULT 1,
  `created_date` datetime NOT NULL DEFAULT current_timestamp(),
  `updated_date` datetime NOT NULL DEFAULT current_timestamp() ON UPDATE current_timestamp()
) ENGINE=InnoDB DEFAULT CHARSET=utf8mb4;

--
-- Dumping data for table `t_riwayat_intake`
--

INSERT INTO `t_riwayat_intake` (`id`, `id_material`, `code_barang`, `qty`, `id_bin`, `active`, `created_date`, `updated_date`) VALUES
(7, 15, '202107160101', '13.00', 8, 1, '2021-07-16 13:50:18', '2021-07-16 13:50:18'),
(8, 12, '202107160401', '16.00', 6, 1, '2021-07-20 13:14:18', '2021-07-20 13:14:18'),
(9, 12, '20210720MAT0101', '12.00', 6, 1, '2021-07-20 17:05:41', '2021-07-20 17:05:41'),
(11, 12, '20210720MAT0102', '22.00', 6, 1, '2021-07-20 17:10:35', '2021-07-20 17:10:35'),
(13, 12, '20210720MAT0103', '14.00', 6, 1, '2021-07-20 17:12:57', '2021-07-20 17:12:57'),
(14, 12, '20210720MAT0105', '8.00', 6, 1, '2021-07-20 17:16:29', '2021-07-20 17:16:29'),
(15, 12, '20210720MAT0101', '17.00', 6, 1, '2021-07-20 17:18:33', '2021-07-20 17:18:33'),
(16, 12, '20210720MAT0102', '25.00', 6, 1, '2021-07-20 17:21:11', '2021-07-20 17:21:11'),
(18, 12, '20210720MAT0103', '23.00', 6, 1, '2021-07-20 17:27:48', '2021-07-20 17:27:48'),
(20, 12, '20210720MAT0104', '21.00', 6, 1, '2021-07-20 17:30:16', '2021-07-20 17:30:16'),
(23, 12, '20210720MAT0105', '9.00', 6, 1, '2021-07-20 17:32:59', '2021-07-20 17:32:59'),
(24, 12, '20210720MAT0101', '6.00', 6, 1, '2021-07-20 17:35:45', '2021-07-20 17:35:45'),
(25, 12, '20210720MAT0102', '18.00', 6, 1, '2021-07-20 19:31:29', '2021-07-20 19:31:29'),
(26, 12, '20210720MAT0103', '24.00', 6, 1, '2021-07-20 19:33:12', '2021-07-20 19:33:12'),
(28, 12, '20210720MAT0104', '4.00', 6, 1, '2021-07-20 19:34:03', '2021-07-20 19:34:03'),
(29, 17, '20210720MAT0201', '16.00', 16, 1, '2021-07-20 20:11:42', '2021-07-20 20:11:42'),
(30, 17, '20210720MAT0202', '4.00', 16, 1, '2021-07-20 20:12:07', '2021-07-20 20:12:07'),
(32, 17, '20210720MAT0203', '1.00', 16, 1, '2021-07-20 20:14:09', '2021-07-20 20:14:09'),
(33, 17, '20210720MAT0204', '10.00', 16, 1, '2021-07-20 20:14:44', '2021-07-20 20:14:44'),
(36, 27, '20210720MAT1201', '2.00', 22, 1, '2021-07-20 20:16:08', '2021-07-20 20:16:08'),
(37, 27, '20210720MAT1202', '5.00', 22, 1, '2021-07-20 20:16:35', '2021-07-20 20:16:35'),
(38, 27, '20210720MAT1203', '23.00', 22, 1, '2021-07-20 20:16:51', '2021-07-20 20:16:51'),
(39, 18, '20210720MAT0301', '9.00', 20, 1, '2021-07-20 20:17:24', '2021-07-20 20:17:24'),
(40, 18, '20210720MAT0302', '8.00', 20, 1, '2021-07-20 20:17:46', '2021-07-20 20:17:46'),
(42, 18, '20210720MAT0303', '22.00', 20, 1, '2021-07-20 20:18:13', '2021-07-20 20:18:13'),
(44, 19, '20210720MAT0401', '4.00', 12, 1, '2021-07-20 20:18:56', '2021-07-20 20:18:56'),
(45, 19, '20210720MAT0402', '16.00', 12, 1, '2021-07-20 20:19:13', '2021-07-20 20:19:13');

-- --------------------------------------------------------

--
-- Table structure for table `t_riwayat_stok`
--

CREATE TABLE `t_riwayat_stok` (
  `id` int(11) NOT NULL,
  `id_transaction` varchar(20) NOT NULL,
  `id_material` int(11) NOT NULL,
  `qty` decimal(10,2) NOT NULL,
  `active` tinyint(1) NOT NULL DEFAULT 1,
  `created_date` datetime NOT NULL DEFAULT current_timestamp(),
  `updated_date` datetime NOT NULL DEFAULT current_timestamp() ON UPDATE current_timestamp()
) ENGINE=InnoDB DEFAULT CHARSET=utf8mb4;

--
-- Dumping data for table `t_riwayat_stok`
--

INSERT INTO `t_riwayat_stok` (`id`, `id_transaction`, `id_material`, `qty`, `active`, `created_date`, `updated_date`) VALUES
(14, '2021080401PMX001', 22000330, '48.00', 1, '2021-08-05 10:35:31', '2021-08-05 10:35:31'),
(15, '2021080401PMX001', 22000331, '80.00', 1, '2021-08-05 10:35:31', '2021-08-05 10:35:31'),
(16, '2021080401PMX001', 22000399, '18.40', 1, '2021-08-05 10:35:31', '2021-08-05 10:35:31'),
(17, '2021080401PMX001', 22000292, '24.00', 1, '2021-08-05 10:35:31', '2021-08-05 10:35:31'),
(18, '2021080401PMX001', 22000406, '16.00', 1, '2021-08-05 10:35:31', '2021-08-05 10:35:31'),
(19, '2021080401PMX001', 21000007, '112.00', 1, '2021-08-05 10:35:31', '2021-08-05 10:35:31'),
(20, '2021080401PMX001', 21000017, '70.40', 1, '2021-08-05 10:35:31', '2021-08-05 10:35:31'),
(21, '2021080401PMX001', 22000009, '104.00', 1, '2021-08-05 10:35:31', '2021-08-05 10:35:31'),
(22, '2021080401PMX001', 22000384, '112.00', 1, '2021-08-05 10:35:31', '2021-08-05 10:35:31'),
(23, '2021080401PMX001', 22000355, '96.00', 1, '2021-08-05 10:35:31', '2021-08-05 10:35:31'),
(24, '2021080401PMX001', 22000015, '80.00', 1, '2021-08-05 10:35:31', '2021-08-05 10:35:31'),
(25, '2021080401PMX001', 22000393, '20.00', 1, '2021-08-05 10:35:31', '2021-08-05 10:35:31'),
(26, '2021080401PMX001', 22000072, '19.20', 1, '2021-08-05 10:35:31', '2021-08-05 10:35:31');

-- --------------------------------------------------------

--
-- Table structure for table `users`
--

CREATE TABLE `users` (
  `id` int(11) UNSIGNED NOT NULL,
  `ip_address` varchar(45) NOT NULL,
  `username` varchar(100) DEFAULT NULL,
  `password` varchar(255) NOT NULL,
  `salt` varchar(255) DEFAULT NULL,
  `email` varchar(100) NOT NULL,
  `activation_code` varchar(40) DEFAULT NULL,
  `forgotten_password_code` varchar(40) DEFAULT NULL,
  `forgotten_password_time` int(11) UNSIGNED DEFAULT NULL,
  `remember_code` varchar(40) DEFAULT NULL,
  `created_on` int(11) UNSIGNED NOT NULL,
  `last_login` int(11) UNSIGNED DEFAULT NULL,
  `active` tinyint(1) UNSIGNED DEFAULT NULL,
  `first_name` varchar(50) DEFAULT NULL,
  `last_name` varchar(50) DEFAULT NULL,
  `company` varchar(100) DEFAULT NULL,
  `phone` varchar(20) DEFAULT NULL
) ENGINE=InnoDB DEFAULT CHARSET=utf8;

--
-- Dumping data for table `users`
--

INSERT INTO `users` (`id`, `ip_address`, `username`, `password`, `salt`, `email`, `activation_code`, `forgotten_password_code`, `forgotten_password_time`, `remember_code`, `created_on`, `last_login`, `active`, `first_name`, `last_name`, `company`, `phone`) VALUES
(1, '127.0.0.1', 'admin', '$2y$08$C8XZeOdHWGsXchNW31FMn.a1CxXYlqG9/tSbLG1Vnnjtm98bzNsxa', '', 'admin@admin.com', '', NULL, NULL, NULL, 1268889823, 1628472256, 1, 'Admin', 'istrator', 'ADMIN', '0');

-- --------------------------------------------------------

--
-- Table structure for table `users_groups`
--

CREATE TABLE `users_groups` (
  `id` int(11) UNSIGNED NOT NULL,
  `user_id` int(11) UNSIGNED NOT NULL,
  `group_id` mediumint(8) UNSIGNED NOT NULL
) ENGINE=InnoDB DEFAULT CHARSET=utf8;

--
-- Dumping data for table `users_groups`
--

INSERT INTO `users_groups` (`id`, `user_id`, `group_id`) VALUES
(4, 1, 1);

--
-- Indexes for dumped tables
--

--
-- Indexes for table `d_dosing`
--
ALTER TABLE `d_dosing`
  ADD PRIMARY KEY (`id`);

--
-- Indexes for table `d_material_qrcode`
--
ALTER TABLE `d_material_qrcode`
  ADD PRIMARY KEY (`id`),
  ADD KEY `fk_mq_qr` (`id_qrcode`),
  ADD KEY `fk_mq_material` (`id_material`);

--
-- Indexes for table `d_menu_groups`
--
ALTER TABLE `d_menu_groups`
  ADD PRIMARY KEY (`id`);

--
-- Indexes for table `d_original_pack`
--
ALTER TABLE `d_original_pack`
  ADD PRIMARY KEY (`id`);

--
-- Indexes for table `groups`
--
ALTER TABLE `groups`
  ADD PRIMARY KEY (`id`);

--
-- Indexes for table `login_attempts`
--
ALTER TABLE `login_attempts`
  ADD PRIMARY KEY (`id`);

--
-- Indexes for table `m_bin`
--
ALTER TABLE `m_bin`
  ADD PRIMARY KEY (`id`),
  ADD KEY `fk_bin_material` (`bin_material`);

--
-- Indexes for table `m_formula`
--
ALTER TABLE `m_formula`
  ADD PRIMARY KEY (`id`);

--
-- Indexes for table `m_material`
--
ALTER TABLE `m_material`
  ADD PRIMARY KEY (`id`),
  ADD UNIQUE KEY `material_kode` (`material_kode`);

--
-- Indexes for table `m_menus`
--
ALTER TABLE `m_menus`
  ADD PRIMARY KEY (`menu_id`);

--
-- Indexes for table `m_qrcodes`
--
ALTER TABLE `m_qrcodes`
  ADD PRIMARY KEY (`id`),
  ADD UNIQUE KEY `codes` (`codes`);

--
-- Indexes for table `m_status`
--
ALTER TABLE `m_status`
  ADD PRIMARY KEY (`id`);

--
-- Indexes for table `m_unit_satuan`
--
ALTER TABLE `m_unit_satuan`
  ADD PRIMARY KEY (`id`);

--
-- Indexes for table `qrcode`
--
ALTER TABLE `qrcode`
  ADD PRIMARY KEY (`id`);

--
-- Indexes for table `t_qrcodes_premix_packing`
--
ALTER TABLE `t_qrcodes_premix_packing`
  ADD PRIMARY KEY (`id`);

--
-- Indexes for table `t_rencana_produksi`
--
ALTER TABLE `t_rencana_produksi`
  ADD PRIMARY KEY (`id`),
  ADD UNIQUE KEY `no_transaction` (`id_transaction`) USING BTREE;

--
-- Indexes for table `t_riwayat_intake`
--
ALTER TABLE `t_riwayat_intake`
  ADD PRIMARY KEY (`id`),
  ADD KEY `fk_tri_material` (`id_material`),
  ADD KEY `fk_tri_bin` (`id_bin`);

--
-- Indexes for table `t_riwayat_stok`
--
ALTER TABLE `t_riwayat_stok`
  ADD PRIMARY KEY (`id`);

--
-- Indexes for table `users`
--
ALTER TABLE `users`
  ADD PRIMARY KEY (`id`);

--
-- Indexes for table `users_groups`
--
ALTER TABLE `users_groups`
  ADD PRIMARY KEY (`id`),
  ADD UNIQUE KEY `uc_users_groups` (`user_id`,`group_id`),
  ADD KEY `fk_users_groups_users1_idx` (`user_id`),
  ADD KEY `fk_users_groups_groups1_idx` (`group_id`);

--
-- AUTO_INCREMENT for dumped tables
--

--
-- AUTO_INCREMENT for table `d_dosing`
--
ALTER TABLE `d_dosing`
  MODIFY `id` int(11) NOT NULL AUTO_INCREMENT, AUTO_INCREMENT=40;

--
-- AUTO_INCREMENT for table `d_material_qrcode`
--
ALTER TABLE `d_material_qrcode`
  MODIFY `id` int(11) NOT NULL AUTO_INCREMENT, AUTO_INCREMENT=5;

--
-- AUTO_INCREMENT for table `d_menu_groups`
--
ALTER TABLE `d_menu_groups`
  MODIFY `id` int(11) NOT NULL AUTO_INCREMENT, AUTO_INCREMENT=28;

--
-- AUTO_INCREMENT for table `d_original_pack`
--
ALTER TABLE `d_original_pack`
  MODIFY `id` int(11) NOT NULL AUTO_INCREMENT, AUTO_INCREMENT=34;

--
-- AUTO_INCREMENT for table `groups`
--
ALTER TABLE `groups`
  MODIFY `id` mediumint(8) UNSIGNED NOT NULL AUTO_INCREMENT, AUTO_INCREMENT=3;

--
-- AUTO_INCREMENT for table `login_attempts`
--
ALTER TABLE `login_attempts`
  MODIFY `id` int(11) UNSIGNED NOT NULL AUTO_INCREMENT, AUTO_INCREMENT=10;

--
-- AUTO_INCREMENT for table `m_bin`
--
ALTER TABLE `m_bin`
  MODIFY `id` int(11) NOT NULL AUTO_INCREMENT, AUTO_INCREMENT=29;

--
-- AUTO_INCREMENT for table `m_formula`
--
ALTER TABLE `m_formula`
  MODIFY `id` int(11) NOT NULL AUTO_INCREMENT, AUTO_INCREMENT=3;

--
-- AUTO_INCREMENT for table `m_material`
--
ALTER TABLE `m_material`
  MODIFY `id` int(11) NOT NULL AUTO_INCREMENT, AUTO_INCREMENT=36;

--
-- AUTO_INCREMENT for table `m_menus`
--
ALTER TABLE `m_menus`
  MODIFY `menu_id` int(11) NOT NULL AUTO_INCREMENT, AUTO_INCREMENT=28;

--
-- AUTO_INCREMENT for table `m_qrcodes`
--
ALTER TABLE `m_qrcodes`
  MODIFY `id` int(11) NOT NULL AUTO_INCREMENT, AUTO_INCREMENT=252;

--
-- AUTO_INCREMENT for table `m_status`
--
ALTER TABLE `m_status`
  MODIFY `id` int(11) NOT NULL AUTO_INCREMENT, AUTO_INCREMENT=4;

--
-- AUTO_INCREMENT for table `m_unit_satuan`
--
ALTER TABLE `m_unit_satuan`
  MODIFY `id` int(11) NOT NULL AUTO_INCREMENT, AUTO_INCREMENT=2;

--
-- AUTO_INCREMENT for table `qrcode`
--
ALTER TABLE `qrcode`
  MODIFY `id` int(11) NOT NULL AUTO_INCREMENT, AUTO_INCREMENT=101;

--
-- AUTO_INCREMENT for table `t_qrcodes_premix_packing`
--
ALTER TABLE `t_qrcodes_premix_packing`
  MODIFY `id` int(11) NOT NULL AUTO_INCREMENT, AUTO_INCREMENT=65;

--
-- AUTO_INCREMENT for table `t_rencana_produksi`
--
ALTER TABLE `t_rencana_produksi`
  MODIFY `id` int(11) NOT NULL AUTO_INCREMENT, AUTO_INCREMENT=9;

--
-- AUTO_INCREMENT for table `t_riwayat_intake`
--
ALTER TABLE `t_riwayat_intake`
  MODIFY `id` int(11) NOT NULL AUTO_INCREMENT, AUTO_INCREMENT=46;

--
-- AUTO_INCREMENT for table `t_riwayat_stok`
--
ALTER TABLE `t_riwayat_stok`
  MODIFY `id` int(11) NOT NULL AUTO_INCREMENT, AUTO_INCREMENT=27;

--
-- AUTO_INCREMENT for table `users`
--
ALTER TABLE `users`
  MODIFY `id` int(11) UNSIGNED NOT NULL AUTO_INCREMENT, AUTO_INCREMENT=2;

--
-- AUTO_INCREMENT for table `users_groups`
--
ALTER TABLE `users_groups`
  MODIFY `id` int(11) UNSIGNED NOT NULL AUTO_INCREMENT, AUTO_INCREMENT=5;

--
-- Constraints for dumped tables
--

--
-- Constraints for table `d_material_qrcode`
--
ALTER TABLE `d_material_qrcode`
  ADD CONSTRAINT `fk_mq_material` FOREIGN KEY (`id_material`) REFERENCES `m_material` (`id`),
  ADD CONSTRAINT `fk_mq_qr` FOREIGN KEY (`id_qrcode`) REFERENCES `m_qrcodes` (`id`);

--
-- Constraints for table `m_bin`
--
ALTER TABLE `m_bin`
  ADD CONSTRAINT `fk_bin_material` FOREIGN KEY (`bin_material`) REFERENCES `m_material` (`id`);

--
-- Constraints for table `t_riwayat_intake`
--
ALTER TABLE `t_riwayat_intake`
  ADD CONSTRAINT `fk_tri_bin` FOREIGN KEY (`id_bin`) REFERENCES `m_bin` (`id`),
  ADD CONSTRAINT `fk_tri_material` FOREIGN KEY (`id_material`) REFERENCES `m_material` (`id`);

--
-- Constraints for table `users_groups`
--
ALTER TABLE `users_groups`
  ADD CONSTRAINT `fk_users_groups_groups1` FOREIGN KEY (`group_id`) REFERENCES `groups` (`id`) ON DELETE CASCADE ON UPDATE NO ACTION,
  ADD CONSTRAINT `fk_users_groups_users1` FOREIGN KEY (`user_id`) REFERENCES `users` (`id`) ON DELETE CASCADE ON UPDATE NO ACTION;
COMMIT;

/*!40101 SET CHARACTER_SET_CLIENT=@OLD_CHARACTER_SET_CLIENT */;
/*!40101 SET CHARACTER_SET_RESULTS=@OLD_CHARACTER_SET_RESULTS */;
/*!40101 SET COLLATION_CONNECTION=@OLD_COLLATION_CONNECTION */;
